date,price
2015-08-07 00:00:00 UTC,2.83162
2015-08-08 00:00:00 UTC,1.33075
2015-08-10 00:00:00 UTC,0.687585709083813
2015-08-11 00:00:00 UTC,1.06737887942995
2015-08-12 00:00:00 UTC,1.25661317510166
2015-08-13 00:00:00 UTC,1.82539544631975
2015-08-14 00:00:00 UTC,1.82597489135564
2015-08-15 00:00:00 UTC,1.67094966893777
2015-08-16 00:00:00 UTC,1.47660725420503
2015-08-17 00:00:00 UTC,1.20387143115441
2015-08-18 00:00:00 UTC,1.28139305165997
2015-08-19 00:00:00 UTC,1.25273865167908
2015-08-20 00:00:00 UTC,1.48419507417187
2015-08-21 00:00:00 UTC,1.40631477379752
2015-08-22 00:00:00 UTC,1.38072153647664
2015-08-23 00:00:00 UTC,1.3551821004544
2015-08-24 00:00:00 UTC,1.24657168269902
2015-08-25 00:00:00 UTC,1.16082832790726
2015-08-26 00:00:00 UTC,1.11963915648299
2015-08-27 00:00:00 UTC,1.1336906940088
2015-08-28 00:00:00 UTC,1.18889569872261
2015-08-29 00:00:00 UTC,1.17434390525221
2015-08-30 00:00:00 UTC,1.32235087991897
2015-08-31 00:00:00 UTC,1.35336841739132
2015-09-01 00:00:00 UTC,1.35078668873445
2015-09-02 00:00:00 UTC,1.27881076530876
2015-09-03 00:00:00 UTC,1.26277071952086
2015-09-04 00:00:00 UTC,1.26952009987808
2015-09-05 00:00:00 UTC,1.33497622938697
2015-09-06 00:00:00 UTC,1.29888313413515
2015-09-07 00:00:00 UTC,1.25622343996558
2015-09-08 00:00:00 UTC,1.23603326093694
2015-09-09 00:00:00 UTC,1.20652994508673
2015-09-10 00:00:00 UTC,1.16723484140214
2015-09-11 00:00:00 UTC,0.976509092691504
2015-09-12 00:00:00 UTC,1.03820358530611
2015-09-13 00:00:00 UTC,0.938652150255787
2015-09-14 00:00:00 UTC,0.87402296242848
2015-09-15 00:00:00 UTC,0.94182318572743
2015-09-16 00:00:00 UTC,0.903219919572405
2015-09-17 00:00:00 UTC,0.883078728906351
2015-09-18 00:00:00 UTC,0.846070919387247
2015-09-19 00:00:00 UTC,0.882103799685598
2015-09-20 00:00:00 UTC,0.936327761486944
2015-09-21 00:00:00 UTC,0.901092879089097
2015-09-22 00:00:00 UTC,0.89714226505515
2015-09-23 00:00:00 UTC,0.894047522299491
2015-09-24 00:00:00 UTC,0.816037308089304
2015-09-25 00:00:00 UTC,0.740519299851588
2015-09-26 00:00:00 UTC,0.777801499149773
2015-09-27 00:00:00 UTC,0.721358423113056
2015-09-28 00:00:00 UTC,0.583057004697437
2015-09-29 00:00:00 UTC,0.657832489515796
2015-09-30 00:00:00 UTC,0.734763053597191
2015-10-01 00:00:00 UTC,0.685812189713893
2015-10-02 00:00:00 UTC,0.676221733875054
2015-10-03 00:00:00 UTC,0.687475757541192
2015-10-04 00:00:00 UTC,0.66754685793757
2015-10-05 00:00:00 UTC,0.628255074242939
2015-10-06 00:00:00 UTC,0.64565776230867
2015-10-07 00:00:00 UTC,0.610012697357523
2015-10-08 00:00:00 UTC,0.623483302155451
2015-10-09 00:00:00 UTC,0.650768764684828
2015-10-10 00:00:00 UTC,0.629794941726829
2015-10-11 00:00:00 UTC,0.6370439806919
2015-10-12 00:00:00 UTC,0.628787281832734
2015-10-13 00:00:00 UTC,0.602627272332759
2015-10-14 00:00:00 UTC,0.517689435598842
2015-10-15 00:00:00 UTC,0.561499004258852
2015-10-16 00:00:00 UTC,0.533148020000742
2015-10-17 00:00:00 UTC,0.549028308997374
2015-10-18 00:00:00 UTC,0.518444547359572
2015-10-19 00:00:00 UTC,0.487067298419333
2015-10-20 00:00:00 UTC,0.432978599031249
2015-10-21 00:00:00 UTC,0.439768974404896
2015-10-22 00:00:00 UTC,0.565461506678028
2015-10-23 00:00:00 UTC,0.540737766800056
2015-10-24 00:00:00 UTC,0.568573768511812
2015-10-25 00:00:00 UTC,0.631938809224957
2015-10-26 00:00:00 UTC,0.743957909727509
2015-10-27 00:00:00 UTC,0.854455250483285
2015-10-28 00:00:00 UTC,1.01040972125942
2015-10-29 00:00:00 UTC,1.16374863557632
2015-10-30 00:00:00 UTC,1.04184905489639
2015-10-31 00:00:00 UTC,0.907091628416746
2015-11-01 00:00:00 UTC,1.05854194129115
2015-11-02 00:00:00 UTC,0.955045860320044
2015-11-03 00:00:00 UTC,1.00234480292955
2015-11-04 00:00:00 UTC,0.901808660548601
2015-11-05 00:00:00 UTC,0.906601136813436
2015-11-06 00:00:00 UTC,0.909442198720923
2015-11-07 00:00:00 UTC,0.922482091197951
2015-11-08 00:00:00 UTC,1.03049951417902
2015-11-09 00:00:00 UTC,0.995802984522552
2015-11-10 00:00:00 UTC,0.93483422190165
2015-11-11 00:00:00 UTC,0.788761177267924
2015-11-12 00:00:00 UTC,0.90074206650109
2015-11-13 00:00:00 UTC,0.904081557944899
2015-11-14 00:00:00 UTC,0.88422890540373
2015-11-15 00:00:00 UTC,0.910825548196164
2015-11-16 00:00:00 UTC,0.933840783957846
2015-11-17 00:00:00 UTC,0.995273357882839
2015-11-18 00:00:00 UTC,0.994428579921399
2015-11-19 00:00:00 UTC,0.951471289242266
2015-11-20 00:00:00 UTC,0.926803118959178
2015-11-21 00:00:00 UTC,0.973572434269653
2015-11-22 00:00:00 UTC,0.96473853235469
2015-11-23 00:00:00 UTC,0.94522033623072
2015-11-24 00:00:00 UTC,0.899361135466396
2015-11-25 00:00:00 UTC,0.867707091767727
2015-11-26 00:00:00 UTC,0.894874770788174
2015-11-27 00:00:00 UTC,0.870712800254529
2015-11-28 00:00:00 UTC,0.917398775437557
2015-11-29 00:00:00 UTC,0.871744953789333
2015-11-30 00:00:00 UTC,0.873600932089014
2015-12-01 00:00:00 UTC,0.87500399764477
2015-12-02 00:00:00 UTC,0.822733781137552
2015-12-03 00:00:00 UTC,0.824765188881011
2015-12-04 00:00:00 UTC,0.838790951281137
2015-12-05 00:00:00 UTC,0.864583729756047
2015-12-06 00:00:00 UTC,0.83499248696061
2015-12-07 00:00:00 UTC,0.800750283925989
2015-12-08 00:00:00 UTC,0.818852708875251
2015-12-09 00:00:00 UTC,0.791829348310727
2015-12-10 00:00:00 UTC,0.847442242039054
2015-12-11 00:00:00 UTC,0.916738942444513
2015-12-12 00:00:00 UTC,0.971258309747255
2015-12-13 00:00:00 UTC,0.958303173557824
2015-12-14 00:00:00 UTC,0.995489834633989
2015-12-15 00:00:00 UTC,1.0170637001075
2015-12-16 00:00:00 UTC,0.988912442381573
2015-12-17 00:00:00 UTC,0.940228325194049
2015-12-18 00:00:00 UTC,0.921171783109932
2015-12-19 00:00:00 UTC,0.909632916932517
2015-12-20 00:00:00 UTC,0.90323164290899
2015-12-21 00:00:00 UTC,0.896806287023812
2015-12-22 00:00:00 UTC,0.878959313059695
2015-12-23 00:00:00 UTC,0.867565455272499
2015-12-24 00:00:00 UTC,0.861363016488459
2015-12-25 00:00:00 UTC,0.870718343974588
2015-12-26 00:00:00 UTC,0.853017864900963
2015-12-27 00:00:00 UTC,0.858887086877609
2015-12-28 00:00:00 UTC,0.842169613030788
2015-12-29 00:00:00 UTC,0.869487810778192
2015-12-30 00:00:00 UTC,0.900354301740537
2015-12-31 00:00:00 UTC,0.936539967780352
2016-01-01 00:00:00 UTC,0.946313343074989
2016-01-02 00:00:00 UTC,0.938126162172615
2016-01-03 00:00:00 UTC,0.972196975503561
2016-01-04 00:00:00 UTC,0.959297835214737
2016-01-05 00:00:00 UTC,0.953102241142765
2016-01-06 00:00:00 UTC,0.968434011790871
2016-01-07 00:00:00 UTC,0.958976780387682
2016-01-08 00:00:00 UTC,0.995574781193169
2016-01-09 00:00:00 UTC,1.02478096778813
2016-01-10 00:00:00 UTC,1.01996585607406
2016-01-11 00:00:00 UTC,1.06872662106278
2016-01-12 00:00:00 UTC,1.16736290082792
2016-01-13 00:00:00 UTC,1.12958834642001
2016-01-14 00:00:00 UTC,1.1573775532525
2016-01-15 00:00:00 UTC,1.21073546288485
2016-01-16 00:00:00 UTC,1.21569129502475
2016-01-17 00:00:00 UTC,1.32185571175341
2016-01-18 00:00:00 UTC,1.39830112692888
2016-01-19 00:00:00 UTC,1.3769900190471
2016-01-20 00:00:00 UTC,1.56541190454126
2016-01-21 00:00:00 UTC,1.54469186223583
2016-01-22 00:00:00 UTC,1.47134182250497
2016-01-23 00:00:00 UTC,1.69215628493626
2016-01-24 00:00:00 UTC,2.13169149537068
2016-01-25 00:00:00 UTC,2.48139608647395
2016-01-26 00:00:00 UTC,2.0867827269865
2016-01-27 00:00:00 UTC,2.38450115870444
2016-01-28 00:00:00 UTC,2.51971973452348
2016-01-29 00:00:00 UTC,2.4862032320559
2016-01-30 00:00:00 UTC,2.43760127351259
2016-01-31 00:00:00 UTC,2.29876655744912
2016-02-01 00:00:00 UTC,2.22188305935551
2016-02-02 00:00:00 UTC,2.40311185532703
2016-02-03 00:00:00 UTC,2.51594993345679
2016-02-04 00:00:00 UTC,2.55717894430269
2016-02-05 00:00:00 UTC,2.53287856549147
2016-02-06 00:00:00 UTC,2.51777636934356
2016-02-07 00:00:00 UTC,2.95077611317716
2016-02-08 00:00:00 UTC,3.16533569369639
2016-02-09 00:00:00 UTC,3.7204532866885
2016-02-10 00:00:00 UTC,4.42743143770336
2016-02-11 00:00:00 UTC,6.0050003081127
2016-02-12 00:00:00 UTC,5.47564928368319
2016-02-13 00:00:00 UTC,5.37328492194001
2016-02-14 00:00:00 UTC,5.16951243640244
2016-02-15 00:00:00 UTC,5.31905828637744
2016-02-16 00:00:00 UTC,4.36897012206496
2016-02-17 00:00:00 UTC,3.74402247074023
2016-02-18 00:00:00 UTC,4.39793904200392
2016-02-19 00:00:00 UTC,4.49389538296573
2016-02-20 00:00:00 UTC,4.30187567756098
2016-02-21 00:00:00 UTC,4.653970273276
2016-02-22 00:00:00 UTC,5.6087142575767
2016-02-23 00:00:00 UTC,5.61209143984952
2016-02-24 00:00:00 UTC,6.13438125903969
2016-02-25 00:00:00 UTC,5.93625743323269
2016-02-26 00:00:00 UTC,5.8973516264409
2016-02-27 00:00:00 UTC,6.3570917621584
2016-02-28 00:00:00 UTC,6.44065084884728
2016-02-29 00:00:00 UTC,6.31202845804973
2016-03-01 00:00:00 UTC,7.56015704961791
2016-03-02 00:00:00 UTC,8.39831816303487
2016-03-03 00:00:00 UTC,9.5049370429982
2016-03-04 00:00:00 UTC,10.0377647510896
2016-03-05 00:00:00 UTC,10.9351977392798
2016-03-06 00:00:00 UTC,10.9646617816357
2016-03-07 00:00:00 UTC,9.39746986881355
2016-03-08 00:00:00 UTC,9.80069078731416
2016-03-09 00:00:00 UTC,11.9715797564935
2016-03-10 00:00:00 UTC,11.2064229700308
2016-03-11 00:00:00 UTC,11.2089366928825
2016-03-12 00:00:00 UTC,13.3762066735602
2016-03-13 00:00:00 UTC,14.8935997845781
2016-03-14 00:00:00 UTC,12.2898246067052
2016-03-15 00:00:00 UTC,12.966897673599
2016-03-16 00:00:00 UTC,12.5294331452808
2016-03-17 00:00:00 UTC,10.956232214701
2016-03-18 00:00:00 UTC,10.7976503388747
2016-03-19 00:00:00 UTC,10.4395358681716
2016-03-20 00:00:00 UTC,10.2174909738872
2016-03-21 00:00:00 UTC,11.8511226942559
2016-03-22 00:00:00 UTC,11.3174276751707
2016-03-23 00:00:00 UTC,12.403191507243
2016-03-24 00:00:00 UTC,11.12762218636
2016-03-25 00:00:00 UTC,10.6406914321158
2016-03-26 00:00:00 UTC,10.9655224446876
2016-03-27 00:00:00 UTC,10.3775168182016
2016-03-28 00:00:00 UTC,11.6762515403909
2016-03-29 00:00:00 UTC,11.7381708304657
2016-03-30 00:00:00 UTC,11.8822867595342
2016-03-31 00:00:00 UTC,11.3546305429002
2016-04-01 00:00:00 UTC,11.6360718033468
2016-04-02 00:00:00 UTC,11.5639776320382
2016-04-03 00:00:00 UTC,11.5123801201048
2016-04-04 00:00:00 UTC,11.1868812388837
2016-04-05 00:00:00 UTC,10.419484689889
2016-04-06 00:00:00 UTC,10.6662234200739
2016-04-07 00:00:00 UTC,10.0295684039377
2016-04-08 00:00:00 UTC,9.75894491102147
2016-04-09 00:00:00 UTC,9.89971959541582
2016-04-10 00:00:00 UTC,8.81461717583012
2016-04-11 00:00:00 UTC,8.66829211893249
2016-04-12 00:00:00 UTC,7.51681223420342
2016-04-13 00:00:00 UTC,8.01560459310512
2016-04-14 00:00:00 UTC,8.43365602127963
2016-04-15 00:00:00 UTC,8.20613745870167
2016-04-16 00:00:00 UTC,8.55598196697697
2016-04-17 00:00:00 UTC,9.32317027634623
2016-04-18 00:00:00 UTC,8.96048240505371
2016-04-19 00:00:00 UTC,8.69677303872731
2016-04-20 00:00:00 UTC,8.48415072258423
2016-04-21 00:00:00 UTC,8.11104074507033
2016-04-22 00:00:00 UTC,7.85510666517934
2016-04-23 00:00:00 UTC,8.37719262395728
2016-04-24 00:00:00 UTC,7.9953612072403
2016-04-25 00:00:00 UTC,7.81275165607731
2016-04-26 00:00:00 UTC,7.42466326622903
2016-04-27 00:00:00 UTC,7.72469454994633
2016-04-28 00:00:00 UTC,7.25021600522578
2016-04-29 00:00:00 UTC,7.47581760975781
2016-04-30 00:00:00 UTC,8.89297009183721
2016-05-01 00:00:00 UTC,8.8324543728329
2016-05-02 00:00:00 UTC,10.1078211686672
2016-05-03 00:00:00 UTC,9.28533581095449
2016-05-04 00:00:00 UTC,9.41413613606481
2016-05-05 00:00:00 UTC,9.82713017845644
2016-05-06 00:00:00 UTC,9.27704214677803
2016-05-07 00:00:00 UTC,9.38120289358462
2016-05-08 00:00:00 UTC,9.52920206226682
2016-05-09 00:00:00 UTC,9.35327654557416
2016-05-10 00:00:00 UTC,9.3502837039286
2016-05-11 00:00:00 UTC,9.98130292046739
2016-05-12 00:00:00 UTC,10.0914922875864
2016-05-13 00:00:00 UTC,10.5856615772128
2016-05-14 00:00:00 UTC,10.1760985679812
2016-05-15 00:00:00 UTC,9.96044689286954
2016-05-16 00:00:00 UTC,11.1336459827202
2016-05-17 00:00:00 UTC,12.1571371612669
2016-05-18 00:00:00 UTC,13.3536143055496
2016-05-19 00:00:00 UTC,14.7183247560022
2016-05-20 00:00:00 UTC,13.6936834340046
2016-05-21 00:00:00 UTC,13.999248438577
2016-05-22 00:00:00 UTC,14.2489860664158
2016-05-23 00:00:00 UTC,13.2350366019864
2016-05-24 00:00:00 UTC,12.6643429900091
2016-05-25 00:00:00 UTC,12.5042645292412
2016-05-26 00:00:00 UTC,12.4983534096312
2016-05-27 00:00:00 UTC,11.1917447615315
2016-05-28 00:00:00 UTC,11.7632456056972
2016-05-29 00:00:00 UTC,12.389052135337
2016-05-30 00:00:00 UTC,12.6784310688924
2016-05-31 00:00:00 UTC,14.0092737590166
2016-06-01 00:00:00 UTC,13.8579378348612
2016-06-02 00:00:00 UTC,13.7743388746826
2016-06-03 00:00:00 UTC,13.8427358773047
2016-06-04 00:00:00 UTC,13.6973942601872
2016-06-05 00:00:00 UTC,13.9705290677866
2016-06-06 00:00:00 UTC,13.9420055539677
2016-06-07 00:00:00 UTC,14.5492169486483
2016-06-08 00:00:00 UTC,14.431775552987
2016-06-09 00:00:00 UTC,14.4406237439447
2016-06-10 00:00:00 UTC,13.9437339286045
2016-06-11 00:00:00 UTC,13.9604609702313
2016-06-12 00:00:00 UTC,15.6970072696863
2016-06-13 00:00:00 UTC,17.5527502857509
2016-06-14 00:00:00 UTC,18.7703743713614
2016-06-15 00:00:00 UTC,18.421853687438
2016-06-16 00:00:00 UTC,20.5094004137599
2016-06-17 00:00:00 UTC,15.3973978175681
2016-06-18 00:00:00 UTC,11.197136666677
2016-06-19 00:00:00 UTC,12.2305870289082
2016-06-20 00:00:00 UTC,11.8148345204993
2016-06-21 00:00:00 UTC,12.9845978751969
2016-06-22 00:00:00 UTC,12.7377562106387
2016-06-23 00:00:00 UTC,13.6764789957757
2016-06-24 00:00:00 UTC,13.9418969013261
2016-06-25 00:00:00 UTC,14.2762877209566
2016-06-26 00:00:00 UTC,13.8450299618719
2016-06-27 00:00:00 UTC,13.9325434910591
2016-06-28 00:00:00 UTC,12.2956605562324
2016-06-29 00:00:00 UTC,12.8004961002562
2016-06-30 00:00:00 UTC,13.3356266999646
2016-07-01 00:00:00 UTC,12.3296459637317
2016-07-02 00:00:00 UTC,12.0179825039797
2016-07-03 00:00:00 UTC,11.8251610307759
2016-07-04 00:00:00 UTC,11.4217387271668
2016-07-05 00:00:00 UTC,10.540860504216
2016-07-06 00:00:00 UTC,10.510559938124
2016-07-07 00:00:00 UTC,10.0989312656263
2016-07-08 00:00:00 UTC,11.3954787467708
2016-07-09 00:00:00 UTC,10.9957223473232
2016-07-10 00:00:00 UTC,10.9572943395433
2016-07-11 00:00:00 UTC,10.5154517062397
2016-07-12 00:00:00 UTC,10.6061936071172
2016-07-13 00:00:00 UTC,10.4890546865522
2016-07-14 00:00:00 UTC,11.2429709571411
2016-07-15 00:00:00 UTC,11.3250970533199
2016-07-16 00:00:00 UTC,11.7017160151557
2016-07-17 00:00:00 UTC,11.3147874100638
2016-07-18 00:00:00 UTC,11.0225563358623
2016-07-19 00:00:00 UTC,11.5825014236276
2016-07-20 00:00:00 UTC,12.1527882734789
2016-07-21 00:00:00 UTC,12.605917129707
2016-07-22 00:00:00 UTC,14.3198773695417
2016-07-23 00:00:00 UTC,14.3897253427216
2016-07-24 00:00:00 UTC,12.8038518097901
2016-07-25 00:00:00 UTC,13.816630680711
2016-07-26 00:00:00 UTC,11.7716417572806
2016-07-27 00:00:00 UTC,12.9663334022251
2016-07-28 00:00:00 UTC,12.8831496078973
2016-07-29 00:00:00 UTC,12.8400376373632
2016-07-30 00:00:00 UTC,12.5470817807848
2016-07-31 00:00:00 UTC,11.8684084145512
2016-08-01 00:00:00 UTC,10.9683978522764
2016-08-02 00:00:00 UTC,8.35259274783897
2016-08-03 00:00:00 UTC,10.2217478158987
2016-08-04 00:00:00 UTC,11.0321602168702
2016-08-05 00:00:00 UTC,10.9400141081538
2016-08-06 00:00:00 UTC,10.8986363485465
2016-08-07 00:00:00 UTC,10.9203080554891
2016-08-08 00:00:00 UTC,11.2458051210889
2016-08-09 00:00:00 UTC,12.1912187076597
2016-08-10 00:00:00 UTC,12.1412227988781
2016-08-11 00:00:00 UTC,11.9881401888619
2016-08-12 00:00:00 UTC,11.9737201262459
2016-08-13 00:00:00 UTC,11.5774726676819
2016-08-14 00:00:00 UTC,11.259903522087
2016-08-15 00:00:00 UTC,11.2308070466222
2016-08-16 00:00:00 UTC,10.2508224487253
2016-08-17 00:00:00 UTC,10.735346344403
2016-08-18 00:00:00 UTC,10.7242168097377
2016-08-19 00:00:00 UTC,10.7183447189202
2016-08-20 00:00:00 UTC,11.2627544768347
2016-08-21 00:00:00 UTC,11.1540443101532
2016-08-22 00:00:00 UTC,11.0613773888872
2016-08-23 00:00:00 UTC,11.0125430816559
2016-08-24 00:00:00 UTC,11.0138119941755
2016-08-25 00:00:00 UTC,11.3391274411927
2016-08-26 00:00:00 UTC,11.2568126620226
2016-08-27 00:00:00 UTC,11.1495075873752
2016-08-28 00:00:00 UTC,10.9130410769076
2016-08-29 00:00:00 UTC,10.9062905889062
2016-08-30 00:00:00 UTC,11.2108773115184
2016-08-31 00:00:00 UTC,11.4966247509266
2016-09-01 00:00:00 UTC,12.0028774775012
2016-09-02 00:00:00 UTC,12.0910428023315
2016-09-03 00:00:00 UTC,11.7975852205698
2016-09-04 00:00:00 UTC,11.6625795439845
2016-09-05 00:00:00 UTC,11.7518974778808
2016-09-06 00:00:00 UTC,11.6847554377482
2016-09-07 00:00:00 UTC,11.5500254156163
2016-09-08 00:00:00 UTC,11.3363987341564
2016-09-09 00:00:00 UTC,11.6301168210345
2016-09-10 00:00:00 UTC,12.1178308618837
2016-09-11 00:00:00 UTC,11.5960562465976
2016-09-12 00:00:00 UTC,11.8471419808328
2016-09-13 00:00:00 UTC,11.8817294557891
2016-09-14 00:00:00 UTC,11.912008011076
2016-09-15 00:00:00 UTC,11.9014784051747
2016-09-16 00:00:00 UTC,12.5223692834179
2016-09-17 00:00:00 UTC,12.6845428044974
2016-09-18 00:00:00 UTC,12.3690521391201
2016-09-19 00:00:00 UTC,13.1601680630256
2016-09-20 00:00:00 UTC,14.3080465816593
2016-09-21 00:00:00 UTC,13.7051797999117
2016-09-22 00:00:00 UTC,13.2338027429934
2016-09-23 00:00:00 UTC,13.3189933242108
2016-09-24 00:00:00 UTC,12.8596057658478
2016-09-25 00:00:00 UTC,13.0455986433673
2016-09-26 00:00:00 UTC,12.8187463990211
2016-09-27 00:00:00 UTC,13.0747267974939
2016-09-28 00:00:00 UTC,13.3139894392626
2016-09-29 00:00:00 UTC,13.0966570062473
2016-09-30 00:00:00 UTC,13.1948181554802
2016-10-01 00:00:00 UTC,13.2698272246776
2016-10-02 00:00:00 UTC,13.1979099345628
2016-10-03 00:00:00 UTC,13.4706000907674
2016-10-04 00:00:00 UTC,13.2619622140712
2016-10-05 00:00:00 UTC,13.0566508489748
2016-10-06 00:00:00 UTC,12.8261284611255
2016-10-07 00:00:00 UTC,12.6556792785081
2016-10-08 00:00:00 UTC,12.1758749629134
2016-10-09 00:00:00 UTC,12.0295192279769
2016-10-10 00:00:00 UTC,11.8378320895917
2016-10-11 00:00:00 UTC,11.7502672737626
2016-10-12 00:00:00 UTC,11.8546876604043
2016-10-13 00:00:00 UTC,11.9606422084788
2016-10-14 00:00:00 UTC,11.9160894745494
2016-10-15 00:00:00 UTC,11.9446051650069
2016-10-16 00:00:00 UTC,11.9303133888854
2016-10-17 00:00:00 UTC,11.9749843985397
2016-10-18 00:00:00 UTC,12.509511262679
2016-10-19 00:00:00 UTC,11.973806158361
2016-10-20 00:00:00 UTC,12.0165220791257
2016-10-21 00:00:00 UTC,12.0905759728404
2016-10-22 00:00:00 UTC,12.0450382783045
2016-10-23 00:00:00 UTC,11.9338004104336
2016-10-24 00:00:00 UTC,11.8905354505411
2016-10-25 00:00:00 UTC,11.2727115259605
2016-10-26 00:00:00 UTC,11.4972573702069
2016-10-27 00:00:00 UTC,11.456673402614
2016-10-28 00:00:00 UTC,11.5235843760278
2016-10-29 00:00:00 UTC,10.3368196844347
2016-10-30 00:00:00 UTC,11.1865571589048
2016-10-31 00:00:00 UTC,10.8807026004934
2016-11-01 00:00:00 UTC,10.7921873792796
2016-11-02 00:00:00 UTC,10.7835854011576
2016-11-03 00:00:00 UTC,10.8116300978544
2016-11-04 00:00:00 UTC,11.1299956588648
2016-11-05 00:00:00 UTC,11.0660582599237
2016-11-06 00:00:00 UTC,10.9207628438861
2016-11-07 00:00:00 UTC,10.8742008294237
2016-11-08 00:00:00 UTC,10.8901055013405
2016-11-09 00:00:00 UTC,10.6649181628348
2016-11-10 00:00:00 UTC,10.519281388267
2016-11-11 00:00:00 UTC,10.2930873523134
2016-11-12 00:00:00 UTC,9.66432524131005
2016-11-13 00:00:00 UTC,10.1107194597282
2016-11-14 00:00:00 UTC,9.99165280426691
2016-11-15 00:00:00 UTC,10.2000838568012
2016-11-16 00:00:00 UTC,10.025367620098
2016-11-17 00:00:00 UTC,9.96397798540216
2016-11-18 00:00:00 UTC,9.45369736804511
2016-11-19 00:00:00 UTC,9.66730580728121
2016-11-20 00:00:00 UTC,9.530496491167
2016-11-21 00:00:00 UTC,9.57590793252232
2016-11-22 00:00:00 UTC,9.81249150160966
2016-11-23 00:00:00 UTC,9.75349313303338
2016-11-24 00:00:00 UTC,9.1809974161927
2016-11-25 00:00:00 UTC,9.33511689382311
2016-11-26 00:00:00 UTC,9.28830618652696
2016-11-27 00:00:00 UTC,8.90740268341772
2016-11-28 00:00:00 UTC,8.70845246717361
2016-11-29 00:00:00 UTC,8.1584943157108
2016-11-30 00:00:00 UTC,8.65015404745761
2016-12-01 00:00:00 UTC,8.43978543870265
2016-12-02 00:00:00 UTC,7.63791796506898
2016-12-03 00:00:00 UTC,7.8926228370221
2016-12-04 00:00:00 UTC,7.46913218983033
2016-12-05 00:00:00 UTC,6.81560922208706
2016-12-06 00:00:00 UTC,7.63191615724679
2016-12-07 00:00:00 UTC,8.13507798254848
2016-12-08 00:00:00 UTC,8.3025963384631
2016-12-09 00:00:00 UTC,8.50490048456359
2016-12-10 00:00:00 UTC,8.09858550134226
2016-12-11 00:00:00 UTC,8.2149858231045
2016-12-12 00:00:00 UTC,8.47251170850841
2016-12-13 00:00:00 UTC,8.35100726243699
2016-12-14 00:00:00 UTC,8.20785310439885
2016-12-15 00:00:00 UTC,7.77035796975513
2016-12-16 00:00:00 UTC,7.79662683171717
2016-12-17 00:00:00 UTC,7.82028270106217
2016-12-18 00:00:00 UTC,7.85618561271542
2016-12-19 00:00:00 UTC,7.5922361645493
2016-12-20 00:00:00 UTC,7.6237837213409
2016-12-21 00:00:00 UTC,7.85609940055724
2016-12-22 00:00:00 UTC,7.57564374405349
2016-12-23 00:00:00 UTC,7.20180573230859
2016-12-24 00:00:00 UTC,7.2227628476532
2016-12-25 00:00:00 UTC,7.21323415909156
2016-12-26 00:00:00 UTC,7.26847537815822
2016-12-27 00:00:00 UTC,7.1718065941777
2016-12-28 00:00:00 UTC,7.61330773635694
2016-12-29 00:00:00 UTC,8.17232905676351
2016-12-30 00:00:00 UTC,8.15378652716307
2016-12-31 00:00:00 UTC,8.0108522354174
2017-01-01 00:00:00 UTC,8.06478998945969
2017-01-02 00:00:00 UTC,8.3612861607287
2017-01-03 00:00:00 UTC,9.62679238498809
2017-01-04 00:00:00 UTC,10.9722528530861
2017-01-05 00:00:00 UTC,10.1152542418831
2017-01-06 00:00:00 UTC,10.1546583048127
2017-01-07 00:00:00 UTC,9.82427886946307
2017-01-08 00:00:00 UTC,10.2678367013348
2017-01-09 00:00:00 UTC,10.2859559703756
2017-01-10 00:00:00 UTC,10.5236507137627
2017-01-11 00:00:00 UTC,9.66169387375644
2017-01-12 00:00:00 UTC,9.66715894243992
2017-01-13 00:00:00 UTC,9.65080511885649
2017-01-14 00:00:00 UTC,9.69526275179494
2017-01-15 00:00:00 UTC,9.78592338554358
2017-01-16 00:00:00 UTC,9.5212839167112
2017-01-17 00:00:00 UTC,10.2584582961319
2017-01-18 00:00:00 UTC,10.1255377409459
2017-01-19 00:00:00 UTC,10.3853061735965
2017-01-20 00:00:00 UTC,10.5499605595358
2017-01-21 00:00:00 UTC,10.8726339939484
2017-01-22 00:00:00 UTC,10.7453560491185
2017-01-23 00:00:00 UTC,10.7510244024507
2017-01-24 00:00:00 UTC,10.3990872484024
2017-01-25 00:00:00 UTC,10.4716712315037
2017-01-26 00:00:00 UTC,10.5552558772882
2017-01-27 00:00:00 UTC,10.5099790924544
2017-01-28 00:00:00 UTC,10.5549629538153
2017-01-29 00:00:00 UTC,10.4304425953359
2017-01-30 00:00:00 UTC,10.5704112983871
2017-01-31 00:00:00 UTC,10.6772980233632
2017-02-01 00:00:00 UTC,10.7009894182225
2017-02-02 00:00:00 UTC,10.8104610869481
2017-02-03 00:00:00 UTC,10.9376855791548
2017-02-04 00:00:00 UTC,11.3333158610252
2017-02-05 00:00:00 UTC,11.2422388379622
2017-02-06 00:00:00 UTC,11.2940161309842
2017-02-07 00:00:00 UTC,11.4331674402553
2017-02-08 00:00:00 UTC,11.3351530111358
2017-02-09 00:00:00 UTC,10.9149639498315
2017-02-10 00:00:00 UTC,11.2756406443618
2017-02-11 00:00:00 UTC,11.3991253715006
2017-02-12 00:00:00 UTC,11.354164564645
2017-02-13 00:00:00 UTC,11.2819470152456
2017-02-14 00:00:00 UTC,12.9721450459665
2017-02-15 00:00:00 UTC,12.9347160092433
2017-02-16 00:00:00 UTC,12.8359687989931
2017-02-17 00:00:00 UTC,12.7034838481457
2017-02-18 00:00:00 UTC,12.8162853320133
2017-02-19 00:00:00 UTC,12.7754456033275
2017-02-20 00:00:00 UTC,12.7502237745374
2017-02-21 00:00:00 UTC,12.7361409404986
2017-02-22 00:00:00 UTC,12.6002964054314
2017-02-23 00:00:00 UTC,13.1551654573788
2017-02-24 00:00:00 UTC,13.0718712311787
2017-02-25 00:00:00 UTC,13.5469386081096
2017-02-26 00:00:00 UTC,14.5476761889979
2017-02-27 00:00:00 UTC,15.358690360839
2017-02-28 00:00:00 UTC,15.7027812319008
2017-03-01 00:00:00 UTC,17.1680297116384
2017-03-02 00:00:00 UTC,18.9935817926742
2017-03-03 00:00:00 UTC,19.5857494805312
2017-03-04 00:00:00 UTC,18.6386734525836
2017-03-05 00:00:00 UTC,19.2473646599868
2017-03-06 00:00:00 UTC,19.6707056140042
2017-03-07 00:00:00 UTC,18.8273333206612
2017-03-08 00:00:00 UTC,16.7497435780077
2017-03-09 00:00:00 UTC,17.6321288184817
2017-03-10 00:00:00 UTC,19.2635904282106
2017-03-11 00:00:00 UTC,21.3964132255855
2017-03-12 00:00:00 UTC,23.0988479582744
2017-03-13 00:00:00 UTC,28.4460651994335
2017-03-14 00:00:00 UTC,28.536664591277
2017-03-15 00:00:00 UTC,34.1973642074162
2017-03-16 00:00:00 UTC,39.8618560708527
2017-03-17 00:00:00 UTC,44.0672959886321
2017-03-18 00:00:00 UTC,32.2679852661872
2017-03-19 00:00:00 UTC,44.0887974957908
2017-03-20 00:00:00 UTC,41.8636928825912
2017-03-21 00:00:00 UTC,42.4784580139906
2017-03-22 00:00:00 UTC,41.2626125371829
2017-03-23 00:00:00 UTC,43.2749299795556
2017-03-24 00:00:00 UTC,50.894791438931
2017-03-25 00:00:00 UTC,50.6789664878884
2017-03-26 00:00:00 UTC,50.0494542142374
2017-03-27 00:00:00 UTC,49.0171138030372
2017-03-28 00:00:00 UTC,50.2595428643305
2017-03-29 00:00:00 UTC,52.8437942646134
2017-03-30 00:00:00 UTC,52.3131752090198
2017-03-31 00:00:00 UTC,49.9646672803426
2017-04-01 00:00:00 UTC,50.4257876072325
2017-04-02 00:00:00 UTC,48.3784672768356
2017-04-03 00:00:00 UTC,43.5792399591275
2017-04-04 00:00:00 UTC,41.7977950458305
2017-04-05 00:00:00 UTC,45.5902950523518
2017-04-06 00:00:00 UTC,42.9785252122279
2017-04-07 00:00:00 UTC,42.401376656211
2017-04-08 00:00:00 UTC,44.5012843871891
2017-04-09 00:00:00 UTC,44.1907610730727
2017-04-10 00:00:00 UTC,43.905341289587
2017-04-11 00:00:00 UTC,43.8588948388299
2017-04-12 00:00:00 UTC,46.197883489517
2017-04-13 00:00:00 UTC,49.7503375730287
2017-04-14 00:00:00 UTC,47.5620517215933
2017-04-15 00:00:00 UTC,49.1227934116998
2017-04-16 00:00:00 UTC,48.7087192786735
2017-04-17 00:00:00 UTC,48.3464178115576
2017-04-18 00:00:00 UTC,50.7591708188005
2017-04-19 00:00:00 UTC,48.1594963219902
2017-04-20 00:00:00 UTC,50.0652536491824
2017-04-21 00:00:00 UTC,48.8017357124764
2017-04-22 00:00:00 UTC,49.0798706465032
2017-04-23 00:00:00 UTC,50.6087134840878
2017-04-24 00:00:00 UTC,51.097418639012
2017-04-25 00:00:00 UTC,50.9737554748134
2017-04-26 00:00:00 UTC,54.8781785667716
2017-04-27 00:00:00 UTC,63.9573537625687
2017-04-28 00:00:00 UTC,73.0109629151518
2017-04-29 00:00:00 UTC,70.4515382476622
2017-04-30 00:00:00 UTC,79.8025539393512
2017-05-01 00:00:00 UTC,76.846177801447
2017-05-02 00:00:00 UTC,77.3460438693591
2017-05-03 00:00:00 UTC,80.9294915785314
2017-05-04 00:00:00 UTC,94.1122651991776
2017-05-05 00:00:00 UTC,91.1603871375375
2017-05-06 00:00:00 UTC,96.4276796519539
2017-05-07 00:00:00 UTC,89.7396794791468
2017-05-08 00:00:00 UTC,87.948120051968
2017-05-09 00:00:00 UTC,87.5024439078014
2017-05-10 00:00:00 UTC,88.4105888685177
2017-05-11 00:00:00 UTC,88.456648743493
2017-05-12 00:00:00 UTC,88.1810914932562
2017-05-13 00:00:00 UTC,89.138931677714
2017-05-14 00:00:00 UTC,90.0550405639578
2017-05-15 00:00:00 UTC,90.5041315992243
2017-05-16 00:00:00 UTC,87.0914855844451
2017-05-17 00:00:00 UTC,88.2131675138191
2017-05-18 00:00:00 UTC,96.625846229828
2017-05-19 00:00:00 UTC,122.162782992585
2017-05-20 00:00:00 UTC,123.028203058042
2017-05-21 00:00:00 UTC,148.657320479839
2017-05-22 00:00:00 UTC,153.990063807277
2017-05-23 00:00:00 UTC,171.080028321718
2017-05-24 00:00:00 UTC,190.425813171461
2017-05-25 00:00:00 UTC,176.817815078867
2017-05-26 00:00:00 UTC,162.9444863855
2017-05-27 00:00:00 UTC,159.055247642337
2017-05-28 00:00:00 UTC,172.340669935633
2017-05-29 00:00:00 UTC,196.078593338694
2017-05-30 00:00:00 UTC,230.798371391214
2017-05-31 00:00:00 UTC,231.372126712711
2017-06-01 00:00:00 UTC,221.82807122254
2017-06-02 00:00:00 UTC,224.316705485945
2017-06-03 00:00:00 UTC,225.397594434852
2017-06-04 00:00:00 UTC,247.427541084834
2017-06-05 00:00:00 UTC,248.930125232092
2017-06-06 00:00:00 UTC,266.139708067044
2017-06-07 00:00:00 UTC,256.218923370636
2017-06-08 00:00:00 UTC,260.341509747736
2017-06-09 00:00:00 UTC,280.333547997722
2017-06-10 00:00:00 UTC,337.792175458707
2017-06-11 00:00:00 UTC,341.07964891855
2017-06-12 00:00:00 UTC,398.430785084595
2017-06-13 00:00:00 UTC,389.94482217755
2017-06-14 00:00:00 UTC,347.781357722275
2017-06-15 00:00:00 UTC,346.369069942617
2017-06-16 00:00:00 UTC,358.284516867638
2017-06-17 00:00:00 UTC,372.35701101857
2017-06-18 00:00:00 UTC,359.438712113522
2017-06-19 00:00:00 UTC,362.04428913706
2017-06-20 00:00:00 UTC,358.053231064709
2017-06-21 00:00:00 UTC,327.890935694268
2017-06-22 00:00:00 UTC,326.959813974164
2017-06-23 00:00:00 UTC,331.913805148966
2017-06-24 00:00:00 UTC,310.05462840597
2017-06-25 00:00:00 UTC,288.047026265349
2017-06-26 00:00:00 UTC,258.919462734546
2017-06-27 00:00:00 UTC,280.813014678834
2017-06-28 00:00:00 UTC,317.293677472432
2017-06-29 00:00:00 UTC,300.182152561986
2017-06-30 00:00:00 UTC,284.691083288485
2017-07-01 00:00:00 UTC,262.478073358598
2017-07-02 00:00:00 UTC,286.133607009987
2017-07-03 00:00:00 UTC,278.59719533811
2017-07-04 00:00:00 UTC,269.736630578169
2017-07-05 00:00:00 UTC,265.93694546552
2017-07-06 00:00:00 UTC,267.469723647602
2017-07-07 00:00:00 UTC,241.476620529839
2017-07-08 00:00:00 UTC,246.214970973274
2017-07-09 00:00:00 UTC,238.754318490817
2017-07-10 00:00:00 UTC,210.528197279841
2017-07-11 00:00:00 UTC,194.33493649004
2017-07-12 00:00:00 UTC,222.138856172315
2017-07-13 00:00:00 UTC,206.413250428135
2017-07-14 00:00:00 UTC,197.969452362477
2017-07-15 00:00:00 UTC,171.777440944933
2017-07-16 00:00:00 UTC,156.468991628989
2017-07-17 00:00:00 UTC,188.352777348657
2017-07-18 00:00:00 UTC,228.503280036673
2017-07-19 00:00:00 UTC,199.590515532647
2017-07-20 00:00:00 UTC,223.461348387258
2017-07-21 00:00:00 UTC,217.086473958344
2017-07-22 00:00:00 UTC,231.143528942951
2017-07-23 00:00:00 UTC,226.718599284853
2017-07-24 00:00:00 UTC,224.913407093421
2017-07-25 00:00:00 UTC,206.81050478775
2017-07-26 00:00:00 UTC,200.328555800979
2017-07-27 00:00:00 UTC,203.189321781583
2017-07-28 00:00:00 UTC,192.585683905776
2017-07-29 00:00:00 UTC,205.511119197115
2017-07-30 00:00:00 UTC,197.198963479782
2017-07-31 00:00:00 UTC,203.287196341791
2017-08-01 00:00:00 UTC,227.080567050386
2017-08-02 00:00:00 UTC,219.057929267624
2017-08-03 00:00:00 UTC,224.867956576597
2017-08-04 00:00:00 UTC,221.674959530189
2017-08-05 00:00:00 UTC,253.155666123301
2017-08-06 00:00:00 UTC,263.222086163824
2017-08-07 00:00:00 UTC,268.496629034775
2017-08-08 00:00:00 UTC,295.147098316728
2017-08-09 00:00:00 UTC,297.069604819741
2017-08-10 00:00:00 UTC,296.776724075782
2017-08-11 00:00:00 UTC,306.826433219032
2017-08-12 00:00:00 UTC,308.625531335255
2017-08-13 00:00:00 UTC,297.1598027472
2017-08-14 00:00:00 UTC,296.397289524463
2017-08-15 00:00:00 UTC,288.450767172336
2017-08-16 00:00:00 UTC,300.039329408239
2017-08-17 00:00:00 UTC,300.570343760403
2017-08-18 00:00:00 UTC,296.114635373622
2017-08-19 00:00:00 UTC,296.62208951838
2017-08-20 00:00:00 UTC,295.171577327713
2017-08-21 00:00:00 UTC,322.201220136444
2017-08-22 00:00:00 UTC,312.174470557412
2017-08-23 00:00:00 UTC,316.788920210744
2017-08-24 00:00:00 UTC,321.785298404924
2017-08-25 00:00:00 UTC,329.025280992982
2017-08-26 00:00:00 UTC,329.865782624422
2017-08-27 00:00:00 UTC,343.341337128141
2017-08-28 00:00:00 UTC,344.201131420942
2017-08-29 00:00:00 UTC,366.809589912788
2017-08-30 00:00:00 UTC,378.906330734692
2017-08-31 00:00:00 UTC,382.934450754573
2017-09-01 00:00:00 UTC,386.343057000936
2017-09-02 00:00:00 UTC,346.39877548689
2017-09-03 00:00:00 UTC,349.929240441145
2017-09-04 00:00:00 UTC,299.717331885549
2017-09-05 00:00:00 UTC,318.972804115872
2017-09-06 00:00:00 UTC,333.20632999273
2017-09-07 00:00:00 UTC,329.41566251763
2017-09-08 00:00:00 UTC,304.475108268024
2017-09-09 00:00:00 UTC,299.694444470565
2017-09-10 00:00:00 UTC,292.779656785687
2017-09-11 00:00:00 UTC,296.475398843291
2017-09-12 00:00:00 UTC,290.586531959069
2017-09-13 00:00:00 UTC,277.33365793127
2017-09-14 00:00:00 UTC,214.311713633498
2017-09-15 00:00:00 UTC,246.92185728713
2017-09-16 00:00:00 UTC,244.805611752882
2017-09-17 00:00:00 UTC,249.666545975028
2017-09-18 00:00:00 UTC,287.961095688773
2017-09-19 00:00:00 UTC,280.445632342079
2017-09-20 00:00:00 UTC,279.417649210852
2017-09-21 00:00:00 UTC,257.465074465559
2017-09-22 00:00:00 UTC,263.469773683734
2017-09-23 00:00:00 UTC,283.222158993351
2017-09-24 00:00:00 UTC,280.681044734602
2017-09-25 00:00:00 UTC,288.085700941758
2017-09-26 00:00:00 UTC,283.929453072659
2017-09-27 00:00:00 UTC,302.151845351676
2017-09-28 00:00:00 UTC,294.313838011738
2017-09-29 00:00:00 UTC,288.114596898681
2017-09-30 00:00:00 UTC,297.268935570025
2017-10-01 00:00:00 UTC,299.674889023615
2017-10-02 00:00:00 UTC,295.840029739486
2017-10-03 00:00:00 UTC,292.210720699258
2017-10-04 00:00:00 UTC,293.035702785831
2017-10-05 00:00:00 UTC,293.719346120486
2017-10-06 00:00:00 UTC,307.708980555956
2017-10-07 00:00:00 UTC,309.598249124028
2017-10-08 00:00:00 UTC,307.058136873899
2017-10-09 00:00:00 UTC,295.901045084102
2017-10-10 00:00:00 UTC,299.917011364728
2017-10-11 00:00:00 UTC,303.247466535371
2017-10-12 00:00:00 UTC,302.019997680508
2017-10-13 00:00:00 UTC,337.95261343403
2017-10-14 00:00:00 UTC,335.338244829814
2017-10-15 00:00:00 UTC,335.391354986365
2017-10-16 00:00:00 UTC,331.967214731027
2017-10-17 00:00:00 UTC,317.898212514702
2017-10-18 00:00:00 UTC,314.456554240651
2017-10-19 00:00:00 UTC,308.474683928234
2017-10-20 00:00:00 UTC,302.35649692557
2017-10-21 00:00:00 UTC,300.693845962283
2017-10-22 00:00:00 UTC,295.488247910515
2017-10-23 00:00:00 UTC,289.414025123758
2017-10-24 00:00:00 UTC,298.755734307733
2017-10-25 00:00:00 UTC,298.483966821505
2017-10-26 00:00:00 UTC,295.707854618994
2017-10-27 00:00:00 UTC,297.929129693004
2017-10-28 00:00:00 UTC,296.46495290716
2017-10-29 00:00:00 UTC,303.741130400488
2017-10-30 00:00:00 UTC,306.249461533892
2017-10-31 00:00:00 UTC,303.542117028514
2017-11-01 00:00:00 UTC,292.330538728654
2017-11-02 00:00:00 UTC,287.069668745883
2017-11-03 00:00:00 UTC,305.84327267892
2017-11-04 00:00:00 UTC,299.954910352295
2017-11-05 00:00:00 UTC,297.517323105264
2017-11-06 00:00:00 UTC,301.370794552855
2017-11-07 00:00:00 UTC,295.235113382657
2017-11-08 00:00:00 UTC,308.933986635726
2017-11-09 00:00:00 UTC,322.329520483589
2017-11-10 00:00:00 UTC,301.354933352775
2017-11-11 00:00:00 UTC,316.258341960427
2017-11-12 00:00:00 UTC,314.166127707269
2017-11-13 00:00:00 UTC,315.343956371888
2017-11-14 00:00:00 UTC,338.937627406501
2017-11-15 00:00:00 UTC,334.286932546348
2017-11-16 00:00:00 UTC,330.021315646911
2017-11-17 00:00:00 UTC,333.351255037181
2017-11-18 00:00:00 UTC,348.74721545667
2017-11-19 00:00:00 UTC,353.43572964676
2017-11-20 00:00:00 UTC,365.786815977961
2017-11-21 00:00:00 UTC,361.055822571048
2017-11-22 00:00:00 UTC,379.409057274538
2017-11-23 00:00:00 UTC,412.557611501513
2017-11-24 00:00:00 UTC,475.002014978137
2017-11-25 00:00:00 UTC,467.446390045639
2017-11-26 00:00:00 UTC,468.998099373249
2017-11-27 00:00:00 UTC,484.362624150733
2017-11-28 00:00:00 UTC,474.182894748523
2017-11-29 00:00:00 UTC,428.345443336342
2017-11-30 00:00:00 UTC,454.160981519821
2017-12-01 00:00:00 UTC,469.863479570669
2017-12-02 00:00:00 UTC,469.857050536754
2017-12-03 00:00:00 UTC,461.880481908051
2017-12-04 00:00:00 UTC,472.252735495896
2017-12-05 00:00:00 UTC,467.016662982671
2017-12-06 00:00:00 UTC,448.328222164605
2017-12-07 00:00:00 UTC,451.825581860168
2017-12-08 00:00:00 UTC,467.881662612901
2017-12-09 00:00:00 UTC,482.035518858509
2017-12-10 00:00:00 UTC,446.691058078548
2017-12-11 00:00:00 UTC,509.000876237775
2017-12-12 00:00:00 UTC,661.841332287634
2017-12-13 00:00:00 UTC,709.883193572531
2017-12-14 00:00:00 UTC,704.621843737326
2017-12-15 00:00:00 UTC,693.09706413276
2017-12-16 00:00:00 UTC,702.244612799479
2017-12-17 00:00:00 UTC,728.700471211578
2017-12-18 00:00:00 UTC,798.115404033608
2017-12-19 00:00:00 UTC,829.989201766042
2017-12-20 00:00:00 UTC,813.403602277568
2017-12-21 00:00:00 UTC,812.885159103535
2017-12-22 00:00:00 UTC,669.276492289395
2017-12-23 00:00:00 UTC,715.719068265809
2017-12-24 00:00:00 UTC,686.208308919806
2017-12-25 00:00:00 UTC,733.902545910265
2017-12-26 00:00:00 UTC,774.110198124999
2017-12-27 00:00:00 UTC,764.967062014162
2017-12-28 00:00:00 UTC,736.840047017461
2017-12-29 00:00:00 UTC,755.343641318154
2017-12-30 00:00:00 UTC,736.909191519636
2017-12-31 00:00:00 UTC,774.696255457107
2018-01-01 00:00:00 UTC,776.080330355968
2018-01-02 00:00:00 UTC,876.890258814416
2018-01-03 00:00:00 UTC,963.055750690351
2018-01-04 00:00:00 UTC,978.416104183522
2018-01-05 00:00:00 UTC,1004.89497226256
2018-01-06 00:00:00 UTC,1052.02336010703
2018-01-07 00:00:00 UTC,1137.65491889018
2018-01-08 00:00:00 UTC,1184.92393027798
2018-01-09 00:00:00 UTC,1361.43966827871
2018-01-10 00:00:00 UTC,1345.58760173759
2018-01-11 00:00:00 UTC,1181.65141003053
2018-01-12 00:00:00 UTC,1315.61875808398
2018-01-13 00:00:00 UTC,1448.1800861342
2018-01-14 00:00:00 UTC,1410.00021450852
2018-01-15 00:00:00 UTC,1329.67139650434
2018-01-16 00:00:00 UTC,1068.60041068942
2018-01-17 00:00:00 UTC,1022.36521316997
2018-01-18 00:00:00 UTC,1036.07231278803
2018-01-19 00:00:00 UTC,1046.89859739587
2018-01-20 00:00:00 UTC,1172.91720622395
2018-01-21 00:00:00 UTC,1053.63320248004
2018-01-22 00:00:00 UTC,1000.38713277883
2018-01-23 00:00:00 UTC,991.665320638703
2018-01-24 00:00:00 UTC,1056.87923256822
2018-01-25 00:00:00 UTC,1059.31549602648
2018-01-26 00:00:00 UTC,1048.79890584348
2018-01-27 00:00:00 UTC,1095.78251428928
2018-01-28 00:00:00 UTC,1237.3241758468
2018-01-29 00:00:00 UTC,1169.63425691934
2018-01-30 00:05:11.070 UTC,1161.90864309943
2018-01-31 00:00:00 UTC,1058.0960529663
2018-02-01 00:00:00 UTC,1106.13817235527
2018-02-02 00:00:00 UTC,1021.26937865341
2018-02-03 00:00:00 UTC,914.638842502154
2018-02-04 00:00:00 UTC,941.803229518524
2018-02-05 00:00:00 UTC,834.889170333336
2018-02-06 00:00:00 UTC,684.313339726674
2018-02-07 00:00:00 UTC,785.738915504987
2018-02-08 00:05:23.681 UTC,751.887889366161
2018-02-09 00:00:00 UTC,807.822750515496
2018-02-10 00:00:00 UTC,871.326882943267
2018-02-11 00:00:00 UTC,854.349878421732
2018-02-12 00:00:00 UTC,817.2905243571
2018-02-13 00:00:00 UTC,862.748772590294
2018-02-14 00:00:00 UTC,833.779183729584
2018-02-15 00:00:00 UTC,915.076543018882
2018-02-16 00:00:00 UTC,928.293521404519
2018-02-17 00:00:00 UTC,934.676710452754
2018-02-18 00:00:00 UTC,964.276507910734
2018-02-19 00:00:00 UTC,915.092046936025
2018-02-20 00:00:00 UTC,928.290242545768
2018-02-21 00:00:00 UTC,902.969055438509
2018-02-22 00:00:00 UTC,809.129659708321
2018-02-23 00:00:00 UTC,812.446862617747
2018-02-24 00:00:00 UTC,864.669753621258
2018-02-25 00:00:00 UTC,828.72339898867
2018-02-26 00:00:00 UTC,842.628024751917
2018-02-27 00:00:00 UTC,863.650275237883
2018-02-28 00:00:00 UTC,869.26324382497
2018-03-01 00:00:00 UTC,846.365211796079
2018-03-02 00:00:00 UTC,855.678779730512
2018-03-03 00:00:00 UTC,850.442989581016
2018-03-04 00:00:00 UTC,844.255253517592
2018-03-05 00:00:00 UTC,843.75657630987
2018-03-06 00:00:00 UTC,840.150995464249
2018-03-07 00:00:00 UTC,808.449133224633
2018-03-08 00:00:00 UTC,752.593171247413
2018-03-09 00:00:00 UTC,699.189898486614
2018-03-10 00:00:00 UTC,710.891653266621
2018-03-11 00:00:00 UTC,684.934340074043
2018-03-12 00:00:00 UTC,713.195330001752
2018-03-13 00:00:00 UTC,695.314203022213
2018-03-14 00:00:00 UTC,684.64158436604
2018-03-15 00:00:00 UTC,608.39314884995
2018-03-16 00:00:00 UTC,612.443539719769
2018-03-17 00:00:00 UTC,607.879487479319
2018-03-18 00:00:00 UTC,560.109433084029
2018-03-19 00:00:00 UTC,538.690590054303
2018-03-20 00:00:00 UTC,555.077548237398
2018-03-21 00:00:00 UTC,554.20982598349
2018-03-22 00:00:00 UTC,561.146534224728
2018-03-23 00:00:00 UTC,537.705972438083
2018-03-24 00:00:00 UTC,538.109029163154
2018-03-25 00:00:00 UTC,519.485599839803
2018-03-26 00:00:00 UTC,519.378044591539
2018-03-27 00:00:00 UTC,487.539612055399
2018-03-28 00:00:00 UTC,449.052252492076
2018-03-29 00:00:00 UTC,443.949100957875
2018-03-30 00:00:00 UTC,385.327095668864
2018-03-31 00:00:00 UTC,395.326263290618
2018-04-01 00:00:00 UTC,395.796380957821
2018-04-02 00:00:00 UTC,379.123513411008
2018-04-03 00:00:00 UTC,384.825982288164
2018-04-04 00:00:00 UTC,415.716233970338
2018-04-05 00:00:00 UTC,380.281959591207
2018-04-06 00:00:00 UTC,384.464485446188
2018-04-07 00:00:00 UTC,369.91389766932
2018-04-08 00:00:00 UTC,383.446360882735
2018-04-09 00:00:00 UTC,396.98175550697
2018-04-10 00:00:00 UTC,398.773355021075
2018-04-11 00:00:00 UTC,412.689345626692
2018-04-12 00:00:00 UTC,427.384946007848
2018-04-13 00:00:00 UTC,488.605489344349
2018-04-14 00:00:00 UTC,488.992181267086
2018-04-15 00:00:00 UTC,495.11291363236
2018-04-16 00:00:00 UTC,525.527444539875
2018-04-17 00:00:00 UTC,507.11031309583
2018-04-18 00:00:00 UTC,498.467007649509
2018-04-19 00:00:00 UTC,517.374043195974
2018-04-20 00:00:00 UTC,566.392083851278
2018-04-21 00:00:00 UTC,590.27192246768
2018-04-22 00:00:00 UTC,600.259676773321
2018-04-23 00:00:00 UTC,617.202407885573
2018-04-24 00:00:00 UTC,636.367163896596
2018-04-25 00:00:00 UTC,705.027644844303
2018-04-26 00:00:00 UTC,613.726725290663
2018-04-27 00:00:00 UTC,657.057793485155
2018-04-28 00:00:00 UTC,641.993605622533
2018-04-29 00:00:00 UTC,672.596936827454
2018-04-30 00:00:00 UTC,680.120495388659
2018-05-01 00:00:00 UTC,662.732735837356
2018-05-02 00:00:00 UTC,665.225786141308
2018-05-03 00:00:00 UTC,676.552563938884
2018-05-04 00:00:00 UTC,781.425780474729
2018-05-05 00:00:00 UTC,777.907647017985
2018-05-06 00:00:00 UTC,807.067329163728
2018-05-07 00:00:00 UTC,785.89274351052
2018-05-08 00:00:00 UTC,748.813141393807
2018-05-09 00:00:00 UTC,744.324825719356
2018-05-10 00:00:00 UTC,743.639815739903
2018-05-11 00:00:00 UTC,717.412874363359
2018-05-12 00:00:00 UTC,675.291752502206
2018-05-13 00:00:00 UTC,683.170267613107
2018-05-14 00:00:00 UTC,726.87191052558
2018-05-15 00:00:00 UTC,727.802681642788
2018-05-16 00:00:00 UTC,703.155681458417
2018-05-17 00:00:00 UTC,702.453118704604
2018-05-18 00:00:00 UTC,665.627531337015
2018-05-19 00:00:00 UTC,686.213268725735
2018-05-20 00:00:00 UTC,685.846753978995
2018-05-21 00:00:00 UTC,703.814666649231
2018-05-22 00:00:00 UTC,688.913221229528
2018-05-23 00:00:00 UTC,641.100351142317
2018-05-24 00:00:00 UTC,581.241188057267
2018-05-25 00:00:00 UTC,597.848771866914
2018-05-26 00:00:00 UTC,582.279386283226
2018-05-27 00:00:00 UTC,580.48345978695
2018-05-28 00:00:00 UTC,565.926064802452
2018-05-29 00:00:00 UTC,511.615880410769
2018-05-30 00:00:00 UTC,561.740661450955
2018-05-31 00:00:00 UTC,555.349150979011
2018-06-01 00:00:00 UTC,571.727113499447
2018-06-02 00:00:00 UTC,573.833550484278
2018-06-03 00:00:00 UTC,583.13163921503
2018-06-04 00:00:00 UTC,609.294674734237
2018-06-05 00:00:00 UTC,586.575976046729
2018-06-06 00:00:00 UTC,600.678279038693
2018-06-07 00:00:00 UTC,598.21609846407
2018-06-08 00:00:00 UTC,595.126140672999
2018-06-09 00:00:00 UTC,590.498145166373
2018-06-10 00:00:00 UTC,581.121249680359
2018-06-11 00:00:00 UTC,522.998038670737
2018-06-12 00:00:00 UTC,529.130829752811
2018-06-13 00:00:00 UTC,495.076355861106
2018-06-14 00:00:00 UTC,474.859113036495
2018-06-15 00:00:00 UTC,516.644170370744
2018-06-16 00:00:00 UTC,485.432836515915
2018-06-17 00:00:00 UTC,493.067858065315
2018-06-18 00:00:00 UTC,491.400275979234
2018-06-19 00:00:00 UTC,512.428852466986
2018-06-20 00:00:00 UTC,532.003913361057
2018-06-21 00:00:00 UTC,529.76304656852
2018-06-22 00:00:00 UTC,520.667164514144
2018-06-23 00:00:00 UTC,463.940828652204
2018-06-24 00:00:00 UTC,472.977264761535
2018-06-25 00:00:00 UTC,455.718430630667
2018-06-26 00:00:00 UTC,458.925801240674
2018-06-27 00:00:00 UTC,430.601784410476
2018-06-28 00:00:00 UTC,437.876537473008
2018-06-29 00:00:00 UTC,420.862124163979
2018-06-30 00:00:00 UTC,432.507220490915
2018-07-01 00:00:00 UTC,449.430045071851
2018-07-02 00:00:00 UTC,447.680550573562
2018-07-03 00:00:00 UTC,472.31165843777
2018-07-04 00:00:00 UTC,459.698723540742
2018-07-05 00:00:00 UTC,463.222208304908
2018-07-06 00:00:00 UTC,466.879480100756
2018-07-07 00:00:00 UTC,467.590114492725
2018-07-08 00:00:00 UTC,481.523823511904
2018-07-09 00:00:00 UTC,483.804030775105
2018-07-10 00:00:00 UTC,469.702229373221
2018-07-11 00:00:00 UTC,431.764454462774
2018-07-12 00:00:00 UTC,443.025430426466
2018-07-13 00:00:00 UTC,427.792244363913
2018-07-14 00:00:00 UTC,431.266939712935
2018-07-15 00:00:00 UTC,431.784568418258
2018-07-16 00:00:00 UTC,446.609520868223
2018-07-17 00:00:00 UTC,478.208506960978
2018-07-18 00:00:00 UTC,497.17754608492
2018-07-19 00:00:00 UTC,475.990157907611
2018-07-20 00:00:00 UTC,464.78994267592
2018-07-21 00:00:00 UTC,447.203290931922
2018-07-22 00:00:00 UTC,458.079028358736
2018-07-23 00:00:00 UTC,455.533201932615
2018-07-24 00:00:00 UTC,447.921379125619
2018-07-25 00:00:00 UTC,477.209271679716
2018-07-26 00:00:00 UTC,468.737492321715
2018-07-27 00:00:00 UTC,460.86933392607
2018-07-28 00:00:00 UTC,467.957926552038
2018-07-29 00:00:00 UTC,465.899155265744
2018-07-30 00:00:00 UTC,466.419229115593
2018-07-31 00:00:00 UTC,458.080921209812
2018-08-01 00:00:00 UTC,432.35011792197
2018-08-02 00:00:00 UTC,417.275406766282
2018-08-03 00:00:00 UTC,410.925133106958
2018-08-04 00:00:00 UTC,417.355393227923
2018-08-05 00:00:00 UTC,406.883991195913
2018-08-06 00:00:00 UTC,409.164935404609
2018-08-07 00:00:00 UTC,404.817197891299
2018-08-08 00:00:00 UTC,377.750901147851
2018-08-09 00:00:00 UTC,353.646122926677
2018-08-10 00:00:00 UTC,363.685179862193
2018-08-11 00:00:00 UTC,332.492433115495
2018-08-12 00:00:00 UTC,317.314477428582
2018-08-13 00:00:00 UTC,317.956113078779
2018-08-14 00:00:00 UTC,284.958664657759
2018-08-15 00:00:00 UTC,277.746016618428
2018-08-16 00:00:00 UTC,281.141193135603
2018-08-17 00:00:00 UTC,286.320221436942
2018-08-18 00:00:00 UTC,314.793252726596
2018-08-19 00:00:00 UTC,293.176991777904
2018-08-20 00:00:00 UTC,299.435122563047
2018-08-21 00:00:00 UTC,271.06155217806
2018-08-22 00:00:00 UTC,280.374717145087
2018-08-23 00:00:00 UTC,269.248399429105
2018-08-24 00:00:00 UTC,275.808385070291
2018-08-25 00:00:00 UTC,281.734642001411
2018-08-26 00:00:00 UTC,277.966710569815
2018-08-27 00:00:00 UTC,273.503414188103
2018-08-28 00:00:00 UTC,286.96110376035
2018-08-29 00:00:00 UTC,296.296127636858
2018-08-30 00:00:00 UTC,288.505360572465
2018-08-31 00:00:00 UTC,285.102872626923
2018-09-01 00:00:00 UTC,282.223178702215
2018-09-02 00:00:00 UTC,295.646161761696
2018-09-03 00:00:00 UTC,294.585688480136
2018-09-04 00:00:00 UTC,288.852825637707
2018-09-05 00:00:00 UTC,285.485756647121
2018-09-06 00:00:00 UTC,232.595768716832
2018-09-07 00:00:00 UTC,229.37495804863
2018-09-08 00:00:00 UTC,215.432237451887
2018-09-09 00:00:00 UTC,196.865386852283
2018-09-10 00:00:00 UTC,195.877338319902
2018-09-11 00:00:00 UTC,196.361532670626
2018-09-12 00:00:00 UTC,184.082231827041
2018-09-13 00:00:00 UTC,182.94557625329
2018-09-14 00:00:00 UTC,211.826727486526
2018-09-15 00:00:00 UTC,211.383561720455
2018-09-16 00:00:00 UTC,223.053082303903
2018-09-17 00:00:00 UTC,220.141579434694
2018-09-18 00:00:00 UTC,196.576609700265
2018-09-19 00:00:00 UTC,210.150696475182
2018-09-20 00:00:00 UTC,209.142526777626
2018-09-21 00:00:00 UTC,224.380977672938
2018-09-22 00:00:00 UTC,247.410017894528
2018-09-23 00:00:00 UTC,241.843731759241
2018-09-24 00:00:00 UTC,244.784795462919
2018-09-25 00:00:00 UTC,228.340911509075
2018-09-26 00:00:00 UTC,219.504343756919
2018-09-27 00:00:00 UTC,214.979380254328
2018-09-28 00:00:00 UTC,229.221959260255
2018-09-29 00:00:00 UTC,222.229239761749
2018-09-30 00:00:00 UTC,231.735873298289
2018-10-01 00:00:00 UTC,232.781385245625
2018-10-02 00:00:00 UTC,231.143684622744
2018-10-03 00:00:00 UTC,225.794853829345
2018-10-04 00:00:00 UTC,220.474460292281
2018-10-05 00:00:00 UTC,222.195847790646
2018-10-06 00:00:00 UTC,228.036070248939
2018-10-07 00:00:00 UTC,225.068807317671
2018-10-08 00:00:00 UTC,225.658348641303
2018-10-09 00:00:00 UTC,229.524615026298
2018-10-10 00:00:00 UTC,227.968907791778
2018-10-11 00:00:00 UTC,225.662016177462
2018-10-12 00:00:00 UTC,192.001084147723
2018-10-13 00:00:00 UTC,197.068015947416
2018-10-14 00:00:00 UTC,201.053499684299
2018-10-15 00:00:00 UTC,196.318698411614
2018-10-16 00:00:00 UTC,212.203069438727
2018-10-17 00:00:00 UTC,212.44428654743
2018-10-18 00:00:00 UTC,211.082693025027
2018-10-19 00:00:00 UTC,204.3130489293
2018-10-20 00:00:00 UTC,203.97626253062
2018-10-21 00:00:00 UTC,206.882098662305
2018-10-22 00:00:00 UTC,206.30982679591
2018-10-23 00:00:00 UTC,205.037754908764
2018-10-24 00:00:00 UTC,204.083945580568
2018-10-25 00:00:00 UTC,203.522198773809
2018-10-26 00:00:00 UTC,202.353022756955
2018-10-27 00:00:00 UTC,203.384968565264
2018-10-28 00:00:00 UTC,203.187396324221
2018-10-29 00:00:00 UTC,204.722340702208
2018-10-30 00:00:00 UTC,195.751404521185
2018-10-31 00:00:00 UTC,197.44844958499
2018-11-01 00:00:00 UTC,198.639048833661
2018-11-02 00:00:00 UTC,199.122607020731
2018-11-03 00:00:00 UTC,202.282757166662
2018-11-04 00:00:00 UTC,200.136227762559
2018-11-05 00:00:00 UTC,206.814429599596
2018-11-06 00:00:00 UTC,209.108876619787
2018-11-07 00:00:00 UTC,219.160887084309
2018-11-08 00:00:00 UTC,219.015774750768
2018-11-09 00:00:00 UTC,213.407634392345
2018-11-10 00:00:00 UTC,210.790619597523
2018-11-11 00:00:00 UTC,212.965827876995
2018-11-12 00:00:00 UTC,212.473324744156
2018-11-13 00:00:00 UTC,211.656909248752
2018-11-14 00:00:00 UTC,208.582296473859
2018-11-15 00:00:00 UTC,184.022559372466
2018-11-16 00:00:00 UTC,182.448242594831
2018-11-17 00:00:00 UTC,176.022405664532
2018-11-18 00:00:00 UTC,175.667416356101
2018-11-19 00:00:00 UTC,177.728689607412
2018-11-20 00:00:00 UTC,150.391162765725
2018-11-21 00:00:00 UTC,131.476679735108
2018-11-22 00:00:00 UTC,137.173043193402
2018-11-23 00:00:00 UTC,126.066387608454
2018-11-24 00:00:00 UTC,124.150296354158
2018-11-25 00:00:00 UTC,114.287931259425
2018-11-26 00:00:00 UTC,117.525277506349
2018-11-27 00:00:00 UTC,109.430988546889
2018-11-28 00:00:00 UTC,110.434943588661
2018-11-29 00:00:00 UTC,122.446424990817
2018-11-30 00:00:00 UTC,117.705385903664
2018-12-01 00:00:00 UTC,113.402883152264
2018-12-02 00:00:00 UTC,118.100759036737
2018-12-03 00:00:00 UTC,115.944282732438
2018-12-04 00:00:00 UTC,108.676847624258
2018-12-05 00:00:00 UTC,109.851915000979
2018-12-06 00:00:00 UTC,102.511041758523
2018-12-07 00:00:00 UTC,91.1011584558897
2018-12-08 00:00:00 UTC,92.967950171896
2018-12-09 00:00:00 UTC,90.6782560969109
2018-12-10 00:00:00 UTC,93.5301268219943
2018-12-11 00:00:00 UTC,89.8537173079483
2018-12-12 00:00:00 UTC,87.8504107042593
2018-12-13 00:00:00 UTC,89.3779016162295
2018-12-14 00:00:00 UTC,85.9587270635916
2018-12-15 00:00:00 UTC,83.7859623565451
2018-12-16 00:00:00 UTC,83.8335821320138
2018-12-17 00:00:00 UTC,84.4658463972731
2018-12-18 00:00:00 UTC,94.0730683825504
2018-12-19 00:00:00 UTC,100.050025393211
2018-12-20 00:00:00 UTC,99.4915536580776
2018-12-21 00:00:00 UTC,114.429183700388
2018-12-22 00:00:00 UTC,107.853181105176
2018-12-23 00:00:00 UTC,115.045821815302
2018-12-24 00:00:00 UTC,129.206503414129
2018-12-25 00:00:00 UTC,138.957818331915
2018-12-26 00:00:00 UTC,127.637072523482
2018-12-27 00:00:00 UTC,129.51137399263
2018-12-28 00:00:00 UTC,114.101363550655
2018-12-29 00:00:00 UTC,134.019939520351
2018-12-30 00:00:00 UTC,138.754266611976
2018-12-31 00:00:00 UTC,137.631692979146
2019-01-01 00:00:00 UTC,131.458724656038
2019-01-02 00:00:00 UTC,138.144802205352
2019-01-03 00:00:00 UTC,152.860452713213
2019-01-04 00:00:00 UTC,146.730599434122
2019-01-05 00:00:00 UTC,153.056566930774
2019-01-06 00:00:00 UTC,153.65187149457
2019-01-07 00:00:00 UTC,154.699308399051
2019-01-08 00:00:00 UTC,149.898697620729
2019-01-09 00:00:00 UTC,148.147865531076
2019-01-10 00:00:00 UTC,148.738879851516
2019-01-11 00:00:00 UTC,126.624752497703
2019-01-12 00:00:00 UTC,124.626797072525
2019-01-13 00:00:00 UTC,123.759362610294
2019-01-14 00:00:00 UTC,114.766045846622
2019-01-15 00:00:00 UTC,127.40527329082
2019-01-16 00:00:00 UTC,119.814373246529
2019-01-17 00:00:00 UTC,122.24553850487
2019-01-18 00:00:00 UTC,121.927266669979
2019-01-19 00:00:00 UTC,119.170739168656
2019-01-20 00:00:00 UTC,122.928175789422
2019-01-21 00:00:00 UTC,117.607872901345
2019-01-22 00:00:00 UTC,115.826864333226
2019-01-23 00:00:00 UTC,117.81718880676
2019-01-24 00:00:00 UTC,116.416019698581
2019-01-25 00:00:00 UTC,116.245435674365
2019-01-26 00:00:00 UTC,115.14990605895
2019-01-27 00:00:00 UTC,115.337166871427
2019-01-28 00:00:00 UTC,112.513489243142
2019-01-29 00:00:00 UTC,105.352391897646
2019-01-30 00:00:00 UTC,104.597846280741
2019-01-31 00:00:00 UTC,108.273094669829
2019-02-01 00:00:00 UTC,106.335995813664
2019-02-02 00:00:00 UTC,107.009558272428
2019-02-03 00:00:00 UTC,108.778176926532
2019-02-04 00:00:00 UTC,107.199996971853
2019-02-05 00:00:00 UTC,107.618245394354
2019-02-06 00:00:00 UTC,107.317038533394
2019-02-07 00:00:00 UTC,104.623626232414
2019-02-08 00:00:00 UTC,104.265364392341
2019-02-09 00:00:00 UTC,119.333604633759
2019-02-10 00:00:00 UTC,119.48955517293
2019-02-11 00:00:00 UTC,124.8896347903
2019-02-12 00:00:00 UTC,120.970261747273
2019-02-13 00:00:00 UTC,122.542088947624
2019-02-14 00:00:00 UTC,122.094129657214
2019-02-15 00:00:00 UTC,120.592173995527
2019-02-16 00:00:00 UTC,121.572278476012
2019-02-17 00:00:00 UTC,122.938608359267
2019-02-18 00:00:00 UTC,133.88146961686
2019-02-19 00:00:00 UTC,145.326026706031
2019-02-20 00:00:00 UTC,143.655234176406
2019-02-21 00:00:00 UTC,148.868434676298
2019-02-22 00:00:00 UTC,145.295823243747
2019-02-23 00:00:00 UTC,148.041650316198
2019-02-24 00:00:00 UTC,157.675595601917
2019-02-25 00:00:00 UTC,134.316028695962
2019-02-26 00:00:00 UTC,137.821866526457
2019-02-27 00:00:00 UTC,135.997837851097
2019-02-28 00:00:00 UTC,134.849817133921
2019-03-01 00:00:00 UTC,135.490683764407
2019-03-02 00:00:00 UTC,134.954708774094
2019-03-03 00:00:00 UTC,132.407426587617
2019-03-04 00:00:00 UTC,130.540347740603
2019-03-05 00:00:00 UTC,125.624082492457
2019-03-06 00:00:00 UTC,136.550247688583
2019-03-07 00:00:00 UTC,137.326651527929
2019-03-08 00:00:00 UTC,136.786142283859
2019-03-09 00:00:00 UTC,133.541693193397
2019-03-10 00:00:00 UTC,137.196000304223
2019-03-11 00:00:00 UTC,135.620802101548
2019-03-12 00:00:00 UTC,132.38753404384
2019-03-13 00:00:00 UTC,133.287425635232
2019-03-14 00:00:00 UTC,131.66834445324
2019-03-15 00:00:00 UTC,132.146237926394
2019-03-16 00:00:00 UTC,136.447864813197
2019-03-17 00:00:00 UTC,141.088044162861
2019-03-18 00:00:00 UTC,138.550630281894
2019-03-19 00:00:00 UTC,137.65794893091
2019-03-20 00:00:00 UTC,138.522516655047
2019-03-21 00:00:00 UTC,139.075973179637
2019-03-22 00:00:00 UTC,135.05601072737
2019-03-23 00:00:00 UTC,136.099536020136
2019-03-24 00:00:00 UTC,137.198068664086
2019-03-25 00:00:00 UTC,136.057483000796
2019-03-26 00:00:00 UTC,133.817519979206
2019-03-27 00:00:00 UTC,134.029904382572
2019-03-28 00:00:00 UTC,139.636606644318
2019-03-29 00:00:00 UTC,137.811988523097
2019-03-30 00:00:00 UTC,143.146443097969
2019-03-31 00:00:00 UTC,142.28965262894
2019-04-01 00:00:00 UTC,141.586389044902
2019-04-02 00:00:00 UTC,141.514555201528
2019-04-03 00:00:00 UTC,164.050542895583
2019-04-04 00:00:00 UTC,160.432838319784
2019-04-05 00:00:00 UTC,157.412225807945
2019-04-06 00:00:00 UTC,165.138523471388
2019-04-07 00:00:00 UTC,165.32515186458
2019-04-08 00:00:00 UTC,174.090522977957
2019-04-09 00:00:00 UTC,180.011923553367
2019-04-10 00:00:00 UTC,175.294122427485
2019-04-11 00:00:00 UTC,177.325317808724
2019-04-12 00:00:00 UTC,165.037106826596
2019-04-13 00:00:00 UTC,164.57194837219
2019-04-14 00:00:00 UTC,163.971600334923
2019-04-15 00:00:00 UTC,167.618001178795
2019-04-16 00:00:00 UTC,160.53249078495
2019-04-17 00:00:00 UTC,166.484537868172
2019-04-18 00:00:00 UTC,166.32726460301
2019-04-19 00:00:00 UTC,173.413627810773
2019-04-20 00:00:00 UTC,173.228262168801
2019-04-21 00:00:00 UTC,173.16628767058
2019-04-22 00:00:00 UTC,169.987889309454
2019-04-23 00:00:00 UTC,171.04347078959
2019-04-24 00:00:00 UTC,170.912964184832
2019-04-25 00:00:00 UTC,165.669660050272
2019-04-26 00:00:00 UTC,153.930440621998
2019-04-27 00:00:00 UTC,157.375701245744
2019-04-28 00:00:00 UTC,158.289194342009
2019-04-29 00:00:00 UTC,156.595189148787
2019-04-30 00:00:00 UTC,154.080282430099
2019-05-01 00:00:00 UTC,160.744691847217
2019-05-02 00:00:00 UTC,159.489314402387
2019-05-03 00:00:00 UTC,160.957187961045
2019-05-04 00:00:00 UTC,166.632115268035
2019-05-05 00:00:00 UTC,162.836316907443
2019-05-06 00:00:00 UTC,162.370134972773
2019-05-07 00:00:00 UTC,172.828328451838
2019-05-08 00:00:00 UTC,170.095897480593
2019-05-09 00:00:00 UTC,170.110633115382
2019-05-10 00:00:00 UTC,170.575494179468
2019-05-11 00:00:00 UTC,172.682090891359
2019-05-12 00:00:00 UTC,196.690167728621
2019-05-13 00:00:00 UTC,187.272018370874
2019-05-14 00:00:00 UTC,196.076113013424
2019-05-15 00:00:00 UTC,218.284609687649
2019-05-16 00:00:00 UTC,248.745004269844
2019-05-17 00:00:00 UTC,264.900121389074
2019-05-18 00:00:00 UTC,243.570499179933
2019-05-19 00:00:00 UTC,235.32720134102
2019-05-20 00:00:00 UTC,260.596984030603
2019-05-21 00:00:00 UTC,251.961499499583
2019-05-22 00:00:00 UTC,256.08304018347
2019-05-23 00:00:00 UTC,244.54946301361
2019-05-24 00:00:00 UTC,244.646095797397
2019-05-25 00:00:00 UTC,248.545262905353
2019-05-26 00:00:00 UTC,250.820364697456
2019-05-27 00:00:00 UTC,266.122182078436
2019-05-28 00:00:00 UTC,273.405088177541
2019-05-29 00:00:00 UTC,271.227867157993
2019-05-30 00:00:00 UTC,268.785756456306
2019-05-31 00:00:00 UTC,255.377363146064
2019-06-01 00:00:00 UTC,268.126039204826
2019-06-02 00:00:00 UTC,264.727324287442
2019-06-03 00:00:00 UTC,269.938829479591
2019-06-04 00:00:00 UTC,251.752575329036
2019-06-05 00:00:00 UTC,240.239433658201
2019-06-06 00:00:00 UTC,246.826569090174
2019-06-07 00:00:00 UTC,249.967911772396
2019-06-08 00:00:00 UTC,250.636893230054
2019-06-09 00:00:00 UTC,244.629805719266
2019-06-10 00:00:00 UTC,232.041584167605
2019-06-11 00:00:00 UTC,247.252276227976
2019-06-12 00:00:00 UTC,245.089378539415
2019-06-13 00:00:00 UTC,260.56663406272
2019-06-14 00:00:00 UTC,255.120426641747
2019-06-15 00:00:00 UTC,263.928538438279
2019-06-16 00:00:00 UTC,268.112192896447
2019-06-17 00:00:00 UTC,269.0716935275
2019-06-18 00:00:00 UTC,273.123688452479
2019-06-19 00:00:00 UTC,264.787931079695
2019-06-20 00:00:00 UTC,269.152799778139
2019-06-21 00:00:00 UTC,272.334690986303
2019-06-22 00:00:00 UTC,294.475622965937
2019-06-23 00:00:00 UTC,310.65499867232
2019-06-24 00:00:00 UTC,307.947210263587
2019-06-25 00:00:00 UTC,311.068229024149
2019-06-26 00:00:00 UTC,318.635944657736
2019-06-27 00:00:00 UTC,337.340957809814
2019-06-28 00:00:00 UTC,295.841652887636
2019-06-29 00:00:00 UTC,309.949031472406
2019-06-30 00:00:00 UTC,321.432799037761
2019-07-01 00:00:00 UTC,292.838876017245
2019-07-02 00:00:00 UTC,295.255898070961
2019-07-03 00:00:00 UTC,290.959672107173
2019-07-04 00:00:00 UTC,304.170542401182
2019-07-05 00:00:00 UTC,285.219470879781
2019-07-06 00:00:00 UTC,287.985910584437
2019-07-07 00:00:00 UTC,289.577138341066
2019-07-08 00:00:00 UTC,305.336252900702
2019-07-09 00:00:00 UTC,312.466368829041
2019-07-10 00:00:00 UTC,307.779683752007
2019-07-11 00:00:00 UTC,290.009967157574
2019-07-12 00:00:00 UTC,268.6352130478
2019-07-13 00:00:00 UTC,275.809208434876
2019-07-14 00:00:00 UTC,270.314761247692
2019-07-15 00:00:00 UTC,227.122072680427
2019-07-16 00:00:00 UTC,230.180194111989
2019-07-17 00:00:00 UTC,199.940521853879
2019-07-18 00:00:00 UTC,210.838537127373
2019-07-19 00:00:00 UTC,226.303534286868
2019-07-20 00:00:00 UTC,221.113740950398
2019-07-21 00:00:00 UTC,228.964804084916
2019-07-22 00:00:00 UTC,226.153407726566
2019-07-23 00:00:00 UTC,217.652561658323
2019-07-24 00:00:00 UTC,213.502151608095
2019-07-25 00:00:00 UTC,217.197777748479
2019-07-26 00:00:00 UTC,219.487790972769
2019-07-27 00:00:00 UTC,219.582432627776
2019-07-28 00:00:00 UTC,206.531772895918
2019-07-29 00:00:00 UTC,211.229753661743
2019-07-30 00:00:00 UTC,210.823516509052
2019-07-31 00:00:00 UTC,209.646260741128
2019-08-01 00:00:00 UTC,218.61308553621
2019-08-02 00:00:00 UTC,216.630420657716
2019-08-03 00:00:00 UTC,217.795462077065
2019-08-04 00:00:00 UTC,221.416118752555
2019-08-05 00:00:00 UTC,221.988152943005
2019-08-06 00:00:00 UTC,232.82368350464
2019-08-07 00:00:00 UTC,227.02071107575
2019-08-08 00:00:00 UTC,226.40119317737
2019-08-09 00:00:00 UTC,221.995886207121
2019-08-10 00:00:00 UTC,210.153618957734
2019-08-11 00:00:00 UTC,206.504625468382
2019-08-12 00:00:00 UTC,216.485580551772
2019-08-13 00:00:00 UTC,211.113141263047
2019-08-14 00:00:00 UTC,209.265737147614
2019-08-15 00:00:00 UTC,185.655300589559
2019-08-16 00:00:00 UTC,188.152781167735
2019-08-17 00:00:00 UTC,185.15324355178
2019-08-18 00:00:00 UTC,185.760041093834
2019-08-19 00:00:00 UTC,194.357367616585
2019-08-20 00:00:00 UTC,202.959750759684
2019-08-21 00:00:00 UTC,196.272747285669
2019-08-22 00:00:00 UTC,187.01618910896
2019-08-23 00:00:00 UTC,191.521195967725
2019-08-24 00:00:00 UTC,194.209387356875
2019-08-25 00:00:00 UTC,190.555750893431
2019-08-26 00:00:00 UTC,186.322368979427
2019-08-27 00:00:00 UTC,188.37725745414
2019-08-28 00:00:00 UTC,186.970684877817
2019-08-29 00:00:00 UTC,173.027035730278
2019-08-30 00:00:00 UTC,168.799165028284
2019-08-31 00:00:00 UTC,168.67088837396
2019-09-01 00:00:00 UTC,172.072969293564
2019-09-02 00:00:00 UTC,170.727545144616
2019-09-03 00:00:00 UTC,177.716478953273
2019-09-04 00:00:00 UTC,178.826477843283
2019-09-05 00:00:00 UTC,174.776275548127
2019-09-06 00:00:00 UTC,174.193810052048
2019-09-07 00:00:00 UTC,169.422866947934
2019-09-08 00:00:00 UTC,177.852588891109
2019-09-09 00:00:00 UTC,181.483932052268
2019-09-10 00:00:00 UTC,181.014656231968
2019-09-11 00:00:00 UTC,180.149391529814
2019-09-12 00:00:00 UTC,178.082949806185
2019-09-13 00:00:00 UTC,181.010836085851
2019-09-14 00:00:00 UTC,181.211945003502
2019-09-15 00:00:00 UTC,188.305681583766
2019-09-16 00:00:00 UTC,189.255046335461
2019-09-17 00:00:00 UTC,197.606916383938
2019-09-18 00:00:00 UTC,209.211163041816
2019-09-19 00:00:00 UTC,210.249073728667
2019-09-20 00:00:00 UTC,221.742925994894
2019-09-21 00:00:00 UTC,217.953443823949
2019-09-22 00:00:00 UTC,215.345239604563
2019-09-23 00:00:00 UTC,211.617538404522
2019-09-24 00:00:00 UTC,201.003377525819
2019-09-25 00:00:00 UTC,168.67357964603
2019-09-26 00:00:00 UTC,170.288867692243
2019-09-27 00:00:00 UTC,166.2168032291
2019-09-28 00:00:00 UTC,173.90494900595
2019-09-29 00:00:00 UTC,174.079705412433
2019-09-30 00:00:00 UTC,169.689474752298
2019-10-01 00:00:00 UTC,179.757161979255
2019-10-02 00:00:00 UTC,180.632440828355
2019-10-03 00:00:00 UTC,180.57893058773
2019-10-04 00:00:00 UTC,176.858525553427
2019-10-05 00:00:00 UTC,175.863153653502
2019-10-06 00:00:00 UTC,176.27725657339
2019-10-07 00:00:00 UTC,170.44710628243
2019-10-08 00:00:00 UTC,180.144247602535
2019-10-09 00:00:00 UTC,180.789793267275
2019-10-10 00:00:00 UTC,193.33993781391
2019-10-11 00:00:00 UTC,191.041086569913
2019-10-12 00:00:00 UTC,180.552449051831
2019-10-13 00:00:00 UTC,179.946535676102
2019-10-14 00:00:00 UTC,181.287247294489
2019-10-15 00:00:00 UTC,186.616067531468
2019-10-16 00:00:00 UTC,180.745630791875
2019-10-17 00:00:00 UTC,175.054069354697
2019-10-18 00:00:00 UTC,177.476918634482
2019-10-19 00:00:00 UTC,172.886260581173
2019-10-20 00:00:00 UTC,171.852410431877
2019-10-21 00:00:00 UTC,175.212108576616
2019-10-22 00:00:00 UTC,174.354496088064
2019-10-23 00:00:00 UTC,171.42654721585
2019-10-24 00:00:00 UTC,161.584043592936
2019-10-25 00:00:00 UTC,160.678391360741
2019-10-26 00:00:00 UTC,181.453191562222
2019-10-27 00:00:00 UTC,179.535270082599
2019-10-28 00:00:00 UTC,183.580899838276
2019-10-29 00:00:00 UTC,181.861799872696
2019-10-30 00:00:00 UTC,190.505960917865
2019-10-31 00:00:00 UTC,183.133751486733
2019-11-01 00:00:00 UTC,182.755701246953
2019-11-02 00:00:00 UTC,183.064191451962
2019-11-03 00:00:00 UTC,183.215681747085
2019-11-04 00:00:00 UTC,181.82443996228
2019-11-05 00:00:00 UTC,185.764330860014
2019-11-06 00:00:00 UTC,189.165755180251
2019-11-07 00:00:00 UTC,191.300400454006
2019-11-08 00:00:00 UTC,186.816531956587
2019-11-09 00:00:00 UTC,183.673622761327
2019-11-10 00:00:00 UTC,184.95814543108
2019-11-11 00:00:00 UTC,189.04498222352
2019-11-12 00:00:00 UTC,184.839873654298
2019-11-13 00:00:00 UTC,186.865939846286
2019-11-14 00:00:00 UTC,187.842888493794
2019-11-15 00:00:00 UTC,184.788306894682
2019-11-16 00:00:00 UTC,180.168711407923
2019-11-17 00:00:00 UTC,182.630654160426
2019-11-18 00:00:00 UTC,183.987963875019
2019-11-19 00:00:00 UTC,178.385599373138
2019-11-20 00:00:00 UTC,175.820484576392
2019-11-21 00:00:00 UTC,174.804457277971
2019-11-22 00:00:00 UTC,161.151477279231
2019-11-23 00:00:00 UTC,149.925692064195
2019-11-24 00:00:00 UTC,151.966084934527
2019-11-25 00:00:00 UTC,140.246810841207
2019-11-26 00:00:00 UTC,146.34618694453
2019-11-27 00:00:00 UTC,147.575068489686
2019-11-28 00:00:00 UTC,152.615068348219
2019-11-29 00:00:00 UTC,150.910345720108
2019-11-30 00:00:00 UTC,154.255305865082
2019-12-01 00:00:00 UTC,151.73585404476
2019-12-02 00:00:00 UTC,151.02315688625
2019-12-03 00:00:00 UTC,148.867267986636
2019-12-04 00:00:00 UTC,147.127951769556
2019-12-05 00:00:00 UTC,145.401709530268
2019-12-06 00:00:00 UTC,147.797492109772
2019-12-07 00:00:00 UTC,148.605698152792
2019-12-08 00:00:00 UTC,147.145786469192
2019-12-09 00:00:00 UTC,150.292448805024
2019-12-10 00:00:00 UTC,147.429261327297
2019-12-11 00:00:00 UTC,145.56867918491
2019-12-12 00:00:00 UTC,143.122978676339
2019-12-13 00:00:00 UTC,145.025925455733
2019-12-14 00:00:00 UTC,144.618780833211
2019-12-15 00:00:00 UTC,141.844865159517
2019-12-16 00:00:00 UTC,142.210869189553
2019-12-17 00:00:00 UTC,132.722743211293
2019-12-18 00:00:00 UTC,121.770107290006
2019-12-19 00:00:00 UTC,132.741361117367
2019-12-20 00:00:00 UTC,128.079153870073
2019-12-21 00:00:00 UTC,128.270194179118
2019-12-22 00:00:00 UTC,126.932873256112
2019-12-23 00:00:00 UTC,132.177469650771
2019-12-24 00:00:00 UTC,128.16997170631
2019-12-25 00:00:00 UTC,127.725598903601
2019-12-26 00:00:00 UTC,125.018705850427
2019-12-27 00:00:00 UTC,125.614584314537
2019-12-28 00:00:00 UTC,126.327180189335
2019-12-29 00:00:00 UTC,128.06698743849
2019-12-30 00:00:00 UTC,134.323647199886
2019-12-31 00:00:00 UTC,131.462136383888
2020-01-01 00:00:00 UTC,129.186385292539
2020-01-02 00:00:00 UTC,130.484685031114
2020-01-03 00:00:00 UTC,127.045258011798
2020-01-04 00:00:00 UTC,133.702648618442
2020-01-05 00:00:00 UTC,134.136882697857
2020-01-06 00:00:00 UTC,135.005713642334
2020-01-07 00:00:00 UTC,143.806397955665
2020-01-08 00:00:00 UTC,143.019432264986
2020-01-09 00:00:00 UTC,140.273935273887
2020-01-10 00:00:00 UTC,137.860559281827
2020-01-11 00:00:00 UTC,144.604774346479
2020-01-12 00:00:00 UTC,142.182333274979
2020-01-13 00:00:00 UTC,145.422876335305
2020-01-14 00:00:00 UTC,143.587969050363
2020-01-15 00:00:00 UTC,165.991438545835
2020-01-16 00:00:00 UTC,166.253096904889
2020-01-17 00:00:00 UTC,163.80590111423
2020-01-18 00:00:00 UTC,171.156217876718
2020-01-19 00:00:00 UTC,174.238373182589
2020-01-20 00:00:00 UTC,166.627105950562
2020-01-21 00:00:00 UTC,166.93852805777
2020-01-22 00:00:00 UTC,169.279935858393
2020-01-23 00:00:00 UTC,167.826529640567
2020-01-24 00:00:00 UTC,162.51937110634
2020-01-25 00:00:00 UTC,162.409479751636
2020-01-26 00:00:00 UTC,160.673610861741
2020-01-27 00:00:00 UTC,167.647409585756
2020-01-28 00:00:00 UTC,169.736435735422
2020-01-29 00:00:00 UTC,175.190003053454
2020-01-30 00:00:00 UTC,173.706888236208
2020-01-31 00:00:00 UTC,184.72621843141
2020-02-01 00:00:00 UTC,179.229103852404
2020-02-02 00:00:00 UTC,183.336937552103
2020-02-03 00:00:00 UTC,188.550641794311
2020-02-04 00:00:00 UTC,189.861763462982
2020-02-05 00:00:00 UTC,188.842207369483
2020-02-06 00:00:00 UTC,203.859318374709
2020-02-07 00:00:00 UTC,212.733414213528
2020-02-08 00:00:00 UTC,223.27631974792
2020-02-09 00:00:00 UTC,223.300776974262
2020-02-10 00:00:00 UTC,228.292260832173
2020-02-11 00:00:00 UTC,224.146996520286
2020-02-12 00:00:00 UTC,236.785348529726
2020-02-13 00:00:00 UTC,264.032768242996
2020-02-14 00:00:00 UTC,267.670444504251
2020-02-15 00:00:00 UTC,284.231891474118
2020-02-16 00:00:00 UTC,263.899946391596
2020-02-17 00:00:00 UTC,262.156244316814
2020-02-18 00:00:00 UTC,267.935665615988
2020-02-19 00:00:00 UTC,281.945740305528
2020-02-20 00:00:00 UTC,259.183803748029
2020-02-21 00:00:00 UTC,257.98839530486
2020-02-22 00:00:00 UTC,265.164459133859
2020-02-23 00:00:00 UTC,260.996540131525
2020-02-24 00:00:00 UTC,274.631215778552
2020-02-25 00:00:00 UTC,265.242191220373
2020-02-26 00:00:00 UTC,248.317381393951
2020-02-27 00:00:00 UTC,224.810508297447
2020-02-28 00:00:00 UTC,225.429715116838
2020-02-29 00:00:00 UTC,227.705284483765
2020-03-01 00:00:00 UTC,218.348356929853
2020-03-02 00:00:00 UTC,218.939796974477
2020-03-03 00:00:00 UTC,231.679446045922
2020-03-04 00:00:00 UTC,223.960116018103
2020-03-05 00:00:00 UTC,224.134877371802
2020-03-06 00:00:00 UTC,228.080935101688
2020-03-07 00:00:00 UTC,244.238469519787
2020-03-08 00:00:00 UTC,237.380790201913
2020-03-09 00:00:00 UTC,198.819642287686
2020-03-10 00:00:00 UTC,200.846871481887
2020-03-11 00:00:00 UTC,200.749038548518
2020-03-12 00:00:00 UTC,194.217941240252
2020-03-13 00:00:00 UTC,110.597897830835
2020-03-14 00:00:00 UTC,132.572857701808
2020-03-15 00:00:00 UTC,123.030844108903
2020-03-16 00:00:00 UTC,124.603425530622
2020-03-17 00:00:00 UTC,110.991598453341
2020-03-18 00:00:00 UTC,117.217041385185
2020-03-19 00:00:00 UTC,117.700424646966
2020-03-20 00:00:00 UTC,136.811875789736
2020-03-21 00:00:00 UTC,131.9646939729
2020-03-22 00:00:00 UTC,131.943218453167
2020-03-23 00:00:00 UTC,122.520598766588
2020-03-24 00:00:00 UTC,135.588657980371
2020-03-25 00:00:00 UTC,138.776571272682
2020-03-26 00:00:00 UTC,136.233921421768
2020-03-27 00:00:00 UTC,138.766937599029
2020-03-28 00:00:00 UTC,130.286561887577
2020-03-29 00:00:00 UTC,131.424052140811
2020-03-30 00:00:00 UTC,125.318874515689
2020-03-31 00:00:00 UTC,132.36373895415
2020-04-01 00:00:00 UTC,133.23644684382
2020-04-02 00:00:00 UTC,136.216385573129
2020-04-03 00:00:00 UTC,141.453705352387
2020-04-04 00:00:00 UTC,141.261543266449
2020-04-05 00:00:00 UTC,144.200802681986
2020-04-06 00:00:00 UTC,142.850883464848
2020-04-07 00:00:00 UTC,169.855049793368
2020-04-08 00:00:00 UTC,164.516019710731
2020-04-09 00:00:00 UTC,172.803568267475
2020-04-10 00:00:00 UTC,170.095103523876
2020-04-11 00:00:00 UTC,157.740158007801
2020-04-12 00:00:00 UTC,158.327877941819
2020-04-13 00:00:00 UTC,158.86382571951
2020-04-14 00:00:00 UTC,156.701358791407
2020-04-15 00:00:00 UTC,158.26715118299
2020-04-16 00:00:00 UTC,153.222863680028
2020-04-17 00:00:00 UTC,171.775990750884
2020-04-18 00:00:00 UTC,170.445890477055
2020-04-19 00:00:00 UTC,187.143544115606
2020-04-20 00:00:00 UTC,180.058596540519
2020-04-21 00:00:00 UTC,170.70405868654
2020-04-22 00:00:00 UTC,170.451542880474
2020-04-23 00:00:00 UTC,182.27675766207
2020-04-24 00:00:00 UTC,184.593702480218
2020-04-25 00:00:00 UTC,187.343368614196
2020-04-26 00:00:00 UTC,194.114236825704
2020-04-27 00:00:00 UTC,197.22990444624
2020-04-28 00:00:00 UTC,196.462625350847
2020-04-29 00:00:00 UTC,197.154731566343
2020-04-30 00:00:00 UTC,215.548172665674
2020-05-01 00:00:00 UTC,205.556005410637
2020-05-02 00:00:00 UTC,211.96829534905
2020-05-03 00:00:00 UTC,213.943011214075
2020-05-04 00:00:00 UTC,210.024709474648
2020-05-05 00:00:00 UTC,206.832534234607
2020-05-06 00:00:00 UTC,205.225179739852
2020-05-07 00:00:00 UTC,200.254794500094
2020-05-08 00:00:00 UTC,212.292476200865
2020-05-09 00:00:00 UTC,211.689048351138
2020-05-10 00:00:00 UTC,210.431818137606
2020-05-11 00:00:00 UTC,188.137226158966
2020-05-12 00:00:00 UTC,185.674718097403
2020-05-13 00:00:00 UTC,189.305781818513
2020-05-14 00:00:00 UTC,199.369372543049
2020-05-15 00:00:00 UTC,203.211246993784
2020-05-16 00:00:00 UTC,194.273097781531
2020-05-17 00:00:00 UTC,200.5833909031
2020-05-18 00:00:00 UTC,206.768894036839
2020-05-19 00:00:00 UTC,214.357641645268
2020-05-20 00:00:00 UTC,213.686720211767
2020-05-21 00:00:00 UTC,209.920788288863
2020-05-22 00:00:00 UTC,198.917515750719
2020-05-23 00:00:00 UTC,206.227729639946
2020-05-24 00:00:00 UTC,206.411206958319
2020-05-25 00:00:00 UTC,200.690728582306
2020-05-26 00:00:00 UTC,203.81011834235
2020-05-27 00:00:00 UTC,200.963615406759
2020-05-28 00:00:00 UTC,207.845893890854
2020-05-29 00:00:00 UTC,219.591564058802
2020-05-30 00:00:00 UTC,220.491167346038
2020-05-31 00:00:00 UTC,242.709770267827
2020-06-01 00:00:00 UTC,232.331003038967
2020-06-02 00:00:00 UTC,248.044566584487
2020-06-03 00:00:00 UTC,237.265320128679
2020-06-04 00:00:00 UTC,244.125336610076
2020-06-05 00:00:00 UTC,243.707821315959
2020-06-06 00:00:00 UTC,240.246968987651
2020-06-07 00:00:00 UTC,242.021640367215
2020-06-08 00:00:00 UTC,244.22674439498
2020-06-09 00:00:00 UTC,246.212783260443
2020-06-10 00:00:00 UTC,243.849526651899
2020-06-11 00:00:00 UTC,247.541971529524
2020-06-12 00:00:00 UTC,232.00078536182
2020-06-13 00:00:00 UTC,237.593410877442
2020-06-14 00:00:00 UTC,238.293629100892
2020-06-15 00:00:00 UTC,232.112520477449
2020-06-16 00:00:00 UTC,231.017011552528
2020-06-17 00:00:00 UTC,235.288479482971
2020-06-18 00:00:00 UTC,233.863618462182
2020-06-19 00:00:00 UTC,231.68485732135
2020-06-20 00:00:00 UTC,228.959212803219
2020-06-21 00:00:00 UTC,228.86914879722
2020-06-22 00:00:00 UTC,227.791905909687
2020-06-23 00:00:00 UTC,243.364709992455
2020-06-24 00:00:00 UTC,243.079482239037
2020-06-25 00:00:00 UTC,234.564984644473
2020-06-26 00:00:00 UTC,232.648703499616
2020-06-27 00:00:00 UTC,229.636526027268
2020-06-28 00:00:00 UTC,221.026085297342
2020-06-29 00:00:00 UTC,225.12294616525
2020-06-30 00:00:00 UTC,228.205763773812
2020-07-01 00:00:00 UTC,225.592814968919
2020-07-02 00:00:00 UTC,230.661943590949
2020-07-03 00:00:00 UTC,226.574424340304
2020-07-04 00:00:00 UTC,225.176405480408
2020-07-05 00:00:00 UTC,229.094716462189
2020-07-06 00:00:00 UTC,227.899375038192
2020-07-07 00:00:00 UTC,241.526851874317
2020-07-08 00:00:00 UTC,238.964480540678
2020-07-09 00:00:00 UTC,246.85900786802
2020-07-10 00:00:00 UTC,241.975128578979
2020-07-11 00:00:00 UTC,240.954953782933
2020-07-12 00:00:00 UTC,239.102025546714
2020-07-13 00:00:00 UTC,241.771522600706
2020-07-14 00:00:00 UTC,239.638786811741
2020-07-15 00:00:00 UTC,240.251470668472
2020-07-16 00:00:00 UTC,238.663597206317
2020-07-17 00:00:00 UTC,233.837074562722
2020-07-18 00:00:00 UTC,232.781477438261
2020-07-19 00:00:00 UTC,235.681144776425
2020-07-20 00:00:00 UTC,238.895231678679
2020-07-21 00:00:00 UTC,236.060098445387
2020-07-22 00:00:00 UTC,245.233735026343
2020-07-23 00:00:00 UTC,263.762463966002
2020-07-24 00:00:00 UTC,274.723620259181
2020-07-25 00:00:00 UTC,279.427056247582
2020-07-26 00:00:00 UTC,305.038139411196
2020-07-27 00:00:00 UTC,310.517990951736
2020-07-28 00:00:00 UTC,320.476191309682
2020-07-29 00:00:00 UTC,316.406766052056
2020-07-30 00:00:00 UTC,317.539072916119
2020-07-31 00:00:00 UTC,334.741922036562
2020-08-01 00:00:00 UTC,346.003506072887
2020-08-02 00:00:00 UTC,387.942421171247
2020-08-03 00:00:00 UTC,370.732302431239
2020-08-04 00:00:00 UTC,386.247447717809
2020-08-05 00:00:00 UTC,389.383008349899
2020-08-06 00:00:00 UTC,400.18436250318
2020-08-07 00:00:00 UTC,394.541745461183
2020-08-08 00:00:00 UTC,379.135155849816
2020-08-09 00:00:00 UTC,391.478438642115
2020-08-10 00:00:00 UTC,389.622931112911
2020-08-11 00:00:00 UTC,395.209913657189
2020-08-12 00:00:00 UTC,379.174763952754
2020-08-13 00:00:00 UTC,387.500530823979
2020-08-14 00:00:00 UTC,427.490265367969
2020-08-15 00:00:00 UTC,438.762587470297
2020-08-16 00:00:00 UTC,432.654665238932
2020-08-17 00:00:00 UTC,433.431860932112
2020-08-18 00:00:00 UTC,430.032505089723
2020-08-19 00:00:00 UTC,422.106652865994
2020-08-20 00:00:00 UTC,406.574469182107
2020-08-21 00:00:00 UTC,416.469775822798
2020-08-22 00:00:00 UTC,386.823891418948
2020-08-23 00:00:00 UTC,395.885018289086
2020-08-24 00:00:00 UTC,390.789135047738
2020-08-25 00:00:00 UTC,408.269145631723
2020-08-26 00:00:00 UTC,383.662143118299
2020-08-27 00:00:00 UTC,385.752499874921
2020-08-28 00:00:00 UTC,381.837651321084
2020-08-29 00:00:00 UTC,395.13821323862
2020-08-30 00:00:00 UTC,399.374543834064
2020-08-31 00:00:00 UTC,428.295679163522
2020-09-01 00:00:00 UTC,435.693023299101
2020-09-02 00:00:00 UTC,475.684664262686
2020-09-03 00:00:00 UTC,439.353760215315
2020-09-04 00:00:00 UTC,383.691531177998
2020-09-05 00:00:00 UTC,387.904029093917
2020-09-06 00:00:00 UTC,334.468593013543
2020-09-07 00:00:00 UTC,352.99300214607
2020-09-08 00:00:00 UTC,351.8778602924
2020-09-09 00:00:00 UTC,337.845051935069
2020-09-10 00:00:00 UTC,351.232267083236
2020-09-11 00:00:00 UTC,367.638928810007
2020-09-12 00:00:00 UTC,373.914905989752
2020-09-13 00:00:00 UTC,387.723516290023
2020-09-14 00:00:00 UTC,365.695506306262
2020-09-15 00:00:00 UTC,376.394561113407
2020-09-16 00:00:00 UTC,364.690045086069
2020-09-17 00:00:00 UTC,365.130550811648
2020-09-18 00:00:00 UTC,388.797456231994
2020-09-19 00:00:00 UTC,383.172865991521
2020-09-20 00:00:00 UTC,385.472123493685
2020-09-21 00:00:00 UTC,370.967895162477
2020-09-22 00:00:00 UTC,341.277130871831
2020-09-23 00:00:00 UTC,343.917547100949
2020-09-24 00:00:00 UTC,321.077435173963
2020-09-25 00:00:00 UTC,348.821019978549
2020-09-26 00:00:00 UTC,351.331567022118
2020-09-27 00:00:00 UTC,354.26158191431
2020-09-28 00:00:00 UTC,357.066436406755
2020-09-29 00:00:00 UTC,354.429583537551
2020-09-30 00:00:00 UTC,359.42608953837
2020-10-01 00:00:00 UTC,359.598984750858
2020-10-02 00:00:00 UTC,353.197848138171
2020-10-03 00:00:00 UTC,345.912568227914
2020-10-04 00:00:00 UTC,345.992463193429
2020-10-05 00:00:00 UTC,352.458806503961
2020-10-06 00:00:00 UTC,353.604427310907
2020-10-07 00:00:00 UTC,340.616021812809
2020-10-08 00:00:00 UTC,341.443796478281
2020-10-09 00:00:00 UTC,350.055676568125
2020-10-10 00:00:00 UTC,365.339444819394
2020-10-11 00:00:00 UTC,370.471810973428
2020-10-12 00:00:00 UTC,374.497015092574
2020-10-13 00:00:00 UTC,387.255558356572
2020-10-14 00:00:00 UTC,381.168773898923
2020-10-15 00:00:00 UTC,379.210253760928
2020-10-16 00:00:00 UTC,377.158681078682
2020-10-17 00:00:00 UTC,365.990642383147
2020-10-18 00:00:00 UTC,368.65047036369
2020-10-19 00:00:00 UTC,378.04936532376
2020-10-20 00:00:00 UTC,379.63947733218
2020-10-21 00:00:00 UTC,368.227014235045
2020-10-22 00:00:00 UTC,391.166742177572
2020-10-23 00:00:00 UTC,413.201890336191
2020-10-24 00:00:00 UTC,408.889488643719
2020-10-25 00:00:00 UTC,411.95921775305
2020-10-26 00:00:00 UTC,406.157094148215
2020-10-27 00:00:00 UTC,393.382908392245
2020-10-28 00:00:00 UTC,403.529837833562
2020-10-29 00:00:00 UTC,388.877339882078
2020-10-30 00:00:00 UTC,386.446012987292
2020-10-31 00:00:00 UTC,382.900771038091
2020-11-01 00:00:00 UTC,385.844588797508
2020-11-02 00:00:00 UTC,394.936342049172
2020-11-03 00:00:00 UTC,383.84980342204
2020-11-04 00:00:00 UTC,387.616373722075
2020-11-05 00:00:00 UTC,401.733096832472
2020-11-06 00:00:00 UTC,415.927770430972
2020-11-07 00:00:00 UTC,454.65154309847
2020-11-08 00:00:00 UTC,435.418354083309
2020-11-09 00:00:00 UTC,455.358366972169
2020-11-10 00:00:00 UTC,445.05129334207
2020-11-11 00:00:00 UTC,449.816184501296
2020-11-12 00:00:00 UTC,463.180871720323
2020-11-13 00:00:00 UTC,462.20561957949
2020-11-14 00:00:00 UTC,475.969093657601
2020-11-15 00:00:00 UTC,462.718397060793
2020-11-16 00:00:00 UTC,449.206801639743
2020-11-17 00:00:00 UTC,461.371196705267
2020-11-18 00:00:00 UTC,482.19838472354
2020-11-19 00:00:00 UTC,479.437661362474
2020-11-20 00:00:00 UTC,471.317958394412
2020-11-21 00:00:00 UTC,508.792214585245
2020-11-22 00:00:00 UTC,548.842116249849
2020-11-23 00:00:00 UTC,560.508887458306
2020-11-24 00:00:00 UTC,608.273310918942
2020-11-25 00:00:00 UTC,602.666262393887
2020-11-26 00:00:00 UTC,568.275153040449
2020-11-27 00:00:00 UTC,518.4670452162
2020-11-28 00:00:00 UTC,517.553026405601
2020-11-29 00:00:00 UTC,537.392612094448
2020-11-30 00:00:00 UTC,574.751119654844
2020-12-01 00:00:00 UTC,612.263785612206
2020-12-02 00:00:00 UTC,589.581844354098
2020-12-03 00:00:00 UTC,598.760610095824
2020-12-04 00:00:00 UTC,616.506661565682
2020-12-05 00:00:00 UTC,571.190431634974
2020-12-06 00:00:00 UTC,595.919413968038
2020-12-07 00:00:00 UTC,601.968934924492
2020-12-08 00:00:00 UTC,592.386506682018
2020-12-09 00:00:00 UTC,554.329674302381
2020-12-10 00:00:00 UTC,573.895309109994
2020-12-11 00:00:00 UTC,560.454265407605
2020-12-12 00:00:00 UTC,545.982835263369
2020-12-13 00:00:00 UTC,568.358753407382
2020-12-14 00:00:00 UTC,590.324440302934
2020-12-15 00:00:00 UTC,585.541894936002
2020-12-16 00:00:00 UTC,589.066831645042
2020-12-17 00:00:00 UTC,635.961889379613
2020-12-18 00:00:00 UTC,644.065270192978
2020-12-19 00:00:00 UTC,654.420416296575
2020-12-20 00:00:00 UTC,659.318807637209
2020-12-21 00:00:00 UTC,639.515436877818
2020-12-22 00:00:00 UTC,610.427027898067
2020-12-23 00:00:00 UTC,634.979723443186
2020-12-24 00:00:00 UTC,587.958895499244
2020-12-25 00:00:00 UTC,612.879657050597
2020-12-26 00:00:00 UTC,626.456738778456
2020-12-27 00:00:00 UTC,636.7423171945
2020-12-28 00:00:00 UTC,689.659857326988
2020-12-29 00:00:00 UTC,732.957029297527
2020-12-30 00:00:00 UTC,735.590898162574
2020-12-31 00:00:00 UTC,752.855932449019
2021-01-01 00:00:00 UTC,738.616938152041
2021-01-02 00:00:00 UTC,730.147340219637
2021-01-03 00:00:00 UTC,777.696065303943
2021-01-04 00:00:00 UTC,967.000596728846
2021-01-05 00:00:00 UTC,1025.6547675669
2021-01-06 00:00:00 UTC,1103.35825162257
2021-01-07 00:00:00 UTC,1208.57509287289
2021-01-08 00:00:00 UTC,1229.47131501478
2021-01-09 00:00:00 UTC,1223.72968835353
2021-01-10 00:00:00 UTC,1282.97957552732
2021-01-11 00:00:00 UTC,1267.73100315121
2021-01-12 00:00:00 UTC,1092.91433788061
2021-01-13 00:00:00 UTC,1045.40681523041
2021-01-14 00:00:00 UTC,1132.01559101647
2021-01-15 00:00:00 UTC,1216.91478846346
2021-01-16 00:00:00 UTC,1171.86001770465
2021-01-17 00:00:00 UTC,1234.6318700828
2021-01-18 00:00:00 UTC,1229.37969807201
2021-01-19 00:00:00 UTC,1255.97669151321
2021-01-20 00:00:00 UTC,1383.48409022771
2021-01-21 00:00:00 UTC,1385.85299587526
2021-01-22 00:00:00 UTC,1122.9124325373
2021-01-23 00:00:00 UTC,1236.68344275366
2021-01-24 00:00:00 UTC,1231.17637970447
2021-01-25 00:00:00 UTC,1392.53976344497
2021-01-26 00:00:00 UTC,1323.42950310201
2021-01-27 00:00:00 UTC,1355.233724241
2021-01-28 00:00:00 UTC,1253.14167155861
2021-01-29 00:00:00 UTC,1328.77361906656
2021-01-30 00:00:00 UTC,1380.28425913521
2021-01-31 00:00:00 UTC,1372.42722896423
2021-02-01 00:00:00 UTC,1317.04743622918
2021-02-02 00:00:00 UTC,1368.66445481238
2021-02-03 00:00:00 UTC,1514.22519575165
2021-02-04 00:00:00 UTC,1661.00082436748
2021-02-05 00:00:00 UTC,1587.80089918594
2021-02-06 00:00:00 UTC,1724.85690833931
2021-02-07 00:00:00 UTC,1683.94129786505
2021-02-08 00:00:00 UTC,1608.64054798572
2021-02-09 00:00:00 UTC,1750.99755371921
2021-02-10 00:00:00 UTC,1769.0535339346
2021-02-11 00:00:00 UTC,1739.16420900484
2021-02-12 00:00:00 UTC,1782.50886912185
2021-02-13 00:00:00 UTC,1841.19775070329
2021-02-14 00:00:00 UTC,1810.84254573237
2021-02-15 00:00:00 UTC,1804.98414643665
2021-02-16 00:00:00 UTC,1775.75835170186
2021-02-17 00:00:00 UTC,1782.57530905059
2021-02-18 00:00:00 UTC,1845.57392215675
2021-02-19 00:00:00 UTC,1938.56943680746
2021-02-20 00:00:00 UTC,1969.97971776282
2021-02-21 00:00:00 UTC,1929.36769287966
2021-02-22 00:00:00 UTC,1941.4267676798
2021-02-23 00:00:00 UTC,1788.61521028064
2021-02-24 00:00:00 UTC,1563.92460590114
2021-02-25 00:00:00 UTC,1628.39153379266
2021-02-26 00:00:00 UTC,1468.86010372868
2021-02-27 00:00:00 UTC,1450.98874680412
2021-02-28 00:00:00 UTC,1480.12957684775
2021-03-01 00:00:00 UTC,1416.66155283757
2021-03-02 00:00:00 UTC,1570.39968963405
2021-03-03 00:00:00 UTC,1497.08910426339
2021-03-04 00:00:00 UTC,1579.42716876031
2021-03-05 00:00:00 UTC,1546.49962111674
2021-03-06 00:00:00 UTC,1539.04842909474
2021-03-07 00:00:00 UTC,1661.92796989982
2021-03-08 00:00:00 UTC,1727.46309622457
2021-03-09 00:00:00 UTC,1837.53303054395
2021-03-10 00:00:00 UTC,1869.3311016255
2021-03-11 00:00:00 UTC,1802.31109168812
2021-03-12 00:00:00 UTC,1826.05747681198
2021-03-13 00:00:00 UTC,1770.93617936978
2021-03-14 00:00:00 UTC,1927.7207203999
2021-03-15 00:00:00 UTC,1866.07154470088
2021-03-16 00:00:00 UTC,1791.04785183011
2021-03-17 00:00:00 UTC,1808.55121736144
2021-03-18 00:00:00 UTC,1828.75483323426
2021-03-19 00:00:00 UTC,1780.15964595285
2021-03-20 00:00:00 UTC,1817.13296280843
2021-03-21 00:00:00 UTC,1817.86014312949
2021-03-22 00:00:00 UTC,1790.37807475269
2021-03-23 00:00:00 UTC,1686.89119715804
2021-03-24 00:00:00 UTC,1673.85918356279
2021-03-25 00:00:00 UTC,1581.63105593137
2021-03-26 00:00:00 UTC,1587.29796415852
2021-03-27 00:00:00 UTC,1700.36686935812
2021-03-28 00:00:00 UTC,1713.83787568345
2021-03-29 00:00:00 UTC,1689.03679820591
2021-03-30 00:00:00 UTC,1817.62638808887
2021-03-31 00:00:00 UTC,1840.2949519854
2021-04-01 00:00:00 UTC,1915.83253584622
2021-04-02 00:00:00 UTC,1970.47119952328
2021-04-03 00:00:00 UTC,2134.10178829729
2021-04-04 00:00:00 UTC,2016.66724729304
2021-04-05 00:00:00 UTC,2077.75521242241
2021-04-06 00:00:00 UTC,2097.79638277926
2021-04-07 00:00:00 UTC,2115.05545174611
2021-04-08 00:00:00 UTC,1989.14806190417
2021-04-09 00:00:00 UTC,2081.3540625399
2021-04-10 00:00:00 UTC,2069.66779608553
2021-04-11 00:00:00 UTC,2142.79606539291
2021-04-12 00:00:00 UTC,2150.26514279277
2021-04-13 00:00:00 UTC,2142.47627586574
2021-04-14 00:00:00 UTC,2304.34351631101
2021-04-15 00:00:00 UTC,2429.66152775157
2021-04-16 00:00:00 UTC,2514.16841558123
2021-04-17 00:00:00 UTC,2424.55384470812
2021-04-18 00:00:00 UTC,2345.26696277613
2021-04-19 00:00:00 UTC,2245.76075335085
2021-04-20 00:00:00 UTC,2168.03272673565
2021-04-21 00:00:00 UTC,2324.28468722819
2021-04-22 00:00:00 UTC,2373.50134429821
2021-04-23 00:00:00 UTC,2426.0711497906
2021-04-24 00:00:00 UTC,2364.23120360209
2021-04-25 00:00:00 UTC,2212.8437976342
2021-04-26 00:00:00 UTC,2307.35532084471
2021-04-27 00:00:00 UTC,2532.38680288511
2021-04-28 00:00:00 UTC,2647.15818966029
2021-04-29 00:00:00 UTC,2748.78458512186
2021-04-30 00:00:00 UTC,2757.49755230498
2021-05-01 00:00:00 UTC,2776.70371169874
2021-05-02 00:00:00 UTC,2944.91694731851
2021-05-03 00:00:00 UTC,2953.29734808047
2021-05-04 00:00:00 UTC,3439.85506951926
2021-05-05 00:00:00 UTC,3245.66314893358
2021-05-06 00:00:00 UTC,3524.56272847605
2021-05-07 00:00:00 UTC,3495.07586903606
2021-05-08 00:00:00 UTC,3493.53450000021
2021-05-09 00:00:00 UTC,3912.74291659681
2021-05-10 00:00:00 UTC,3932.75406817097
2021-05-11 00:00:00 UTC,3979.60865192128
2021-05-12 00:00:00 UTC,4182.79028575229
2021-05-13 00:00:00 UTC,3906.10890332941
2021-05-14 00:00:00 UTC,3750.34159505928
2021-05-15 00:00:00 UTC,4088.73170832043
2021-05-16 00:00:00 UTC,3659.92184421362
2021-05-17 00:00:00 UTC,3602.0048969299
2021-05-18 00:00:00 UTC,3288.22988723786
2021-05-19 00:00:00 UTC,3399.04927965694
2021-05-20 00:00:00 UTC,2505.01494594566
2021-05-21 00:00:00 UTC,2778.2796605603
2021-05-22 00:00:00 UTC,2419.10321711502
2021-05-23 00:00:00 UTC,2306.37126686712
2021-05-24 00:00:00 UTC,2120.03737450994
2021-05-25 00:00:00 UTC,2640.15963234882
2021-05-26 00:00:00 UTC,2695.47780714963
2021-05-27 00:00:00 UTC,2882.48340762401
2021-05-28 00:00:00 UTC,2742.99086269761
2021-05-29 00:00:00 UTC,2433.32886572861
2021-05-30 00:00:00 UTC,2294.62628551279
2021-05-31 00:00:00 UTC,2395.85322800274
2021-06-01 00:00:00 UTC,2708.42986579397
2021-06-02 00:00:00 UTC,2632.65659986965
2021-06-03 00:00:00 UTC,2717.15403670977
2021-06-04 00:00:00 UTC,2858.27670209791
2021-06-05 00:00:00 UTC,2694.49766667905
2021-06-06 00:00:00 UTC,2624.76891505942
2021-06-07 00:00:00 UTC,2711.54793901116
2021-06-08 00:00:00 UTC,2580.53558005984
2021-06-09 00:00:00 UTC,2528.02230087869
2021-06-10 00:00:00 UTC,2620.62538930385
2021-06-11 00:00:00 UTC,2486.60006878868
2021-06-12 00:00:00 UTC,2356.63477418968
2021-06-13 00:00:00 UTC,2379.99174795022
2021-06-14 00:00:00 UTC,2517.77169552542
2021-06-15 00:00:00 UTC,2587.38161097915
2021-06-16 00:00:00 UTC,2561.188330932
2021-06-17 00:00:00 UTC,2365.87278619065
2021-06-18 00:00:00 UTC,2380.74451963392
2021-06-19 00:00:00 UTC,2231.55431549778
2021-06-20 00:00:00 UTC,2176.30853631771
2021-06-21 00:00:00 UTC,2251.56055936604
2021-06-22 00:00:00 UTC,1900.12229989354
2021-06-23 00:00:00 UTC,1875.3576944712
2021-06-24 00:00:00 UTC,1971.10597798094
2021-06-25 00:00:00 UTC,1990.07615119106
2021-06-26 00:00:00 UTC,1833.46316099816
2021-06-27 00:00:00 UTC,1817.04766554068
2021-06-28 00:00:00 UTC,1973.92686483835
2021-06-29 00:00:00 UTC,2087.51872378742
2021-06-30 00:00:00 UTC,2169.40006786598
2021-07-01 00:00:00 UTC,2279.35416141965
2021-07-02 00:00:00 UTC,2121.65790063336
2021-07-03 00:00:00 UTC,2157.88058486645
2021-07-04 00:00:00 UTC,2228.53239856857
2021-07-05 00:00:00 UTC,2329.00475099882
2021-07-06 00:00:00 UTC,2217.30185305988
2021-07-07 00:00:00 UTC,2320.6549288317
2021-07-08 00:00:00 UTC,2317.23694270242
2021-07-09 00:00:00 UTC,2126.44246739023
2021-07-10 00:00:00 UTC,2156.58095695258
2021-07-11 00:00:00 UTC,2123.05859749341
2021-07-12 00:00:00 UTC,2144.01425727226
2021-07-13 00:00:00 UTC,2042.49918661436
2021-07-14 00:00:00 UTC,1944.39501663721
2021-07-15 00:00:00 UTC,1997.6633136706
2021-07-16 00:00:00 UTC,1910.726951631
2021-07-17 00:00:00 UTC,1874.20024968082
2021-07-18 00:00:00 UTC,1899.84275006636
2021-07-19 00:00:00 UTC,1905.72338284317
2021-07-20 00:00:00 UTC,1824.9293920919
2021-07-21 00:00:00 UTC,1794.97342518683
2021-07-22 00:00:00 UTC,2003.72392145211
2021-07-23 00:00:00 UTC,2027.5334479167
2021-07-24 00:00:00 UTC,2117.1546077945
2021-07-25 00:00:00 UTC,2183.6274145577
2021-07-26 00:00:00 UTC,2209.49936010301
2021-07-27 00:00:00 UTC,2230.21206767347
2021-07-28 00:00:00 UTC,2292.57963680381
2021-07-29 00:00:00 UTC,2299.68940593629
2021-07-30 00:00:00 UTC,2383.44325996173
2021-07-31 00:00:00 UTC,2462.39998264801
2021-08-01 00:00:00 UTC,2541.67459936591
2021-08-02 00:00:00 UTC,2555.40817851304
2021-08-03 00:00:00 UTC,2611.67306994818
2021-08-04 00:00:00 UTC,2521.26847488909
2021-08-05 00:00:00 UTC,2724.53224271363
2021-08-06 00:00:00 UTC,2821.64969274614
2021-08-07 00:00:00 UTC,2888.73227427523
2021-08-08 00:00:00 UTC,3151.21751691768
2021-08-09 00:00:00 UTC,3012.30855927021
2021-08-10 00:00:00 UTC,3163.06465519489
2021-08-11 00:00:00 UTC,3147.84299540175
2021-08-12 00:00:00 UTC,3166.64721796793
2021-08-13 00:00:00 UTC,3048.41268168642
2021-08-14 00:00:00 UTC,3323.19799054098
2021-08-15 00:00:00 UTC,3268.54817703149
2021-08-16 00:00:00 UTC,3309.75491041324
2021-08-17 00:00:00 UTC,3153.58368376362
2021-08-18 00:00:00 UTC,3007.14402717127
2021-08-19 00:00:00 UTC,3037.23025119644
2021-08-20 00:00:00 UTC,3144.81843678519
2021-08-21 00:00:00 UTC,3276.96983664334
2021-08-22 00:00:00 UTC,3224.00046015215
2021-08-23 00:00:00 UTC,3243.48635835374
2021-08-24 00:00:00 UTC,3320.40916978106
2021-08-25 00:00:00 UTC,3177.66379630469
2021-08-26 00:00:00 UTC,3231.4414517288
2021-08-27 00:00:00 UTC,3122.97179723785
2021-08-28 00:00:00 UTC,3267.539434751
2021-08-29 00:00:00 UTC,3245.43022238763
2021-08-30 00:00:00 UTC,3233.38315169355
2021-08-31 00:00:00 UTC,3232.73386328546
2021-09-01 00:00:00 UTC,3440.5623358869
2021-09-02 00:00:00 UTC,3790.61399622156
2021-09-03 00:00:00 UTC,3793.30074334642
2021-09-04 00:00:00 UTC,3936.16339162445
2021-09-05 00:00:00 UTC,3894.93751160507
2021-09-06 00:00:00 UTC,3950.27034452656
2021-09-07 00:00:00 UTC,3943.25678530191
2021-09-08 00:00:00 UTC,3440.34175683657
2021-09-09 00:00:00 UTC,3496.85902299607
2021-09-10 00:00:00 UTC,3435.97993265133
2021-09-11 00:00:00 UTC,3209.9156960905
2021-09-12 00:00:00 UTC,3268.10416213488
2021-09-13 00:00:00 UTC,3417.83936676694
2021-09-14 00:00:00 UTC,3301.18677682873
2021-09-15 00:00:00 UTC,3425.25087337488
2021-09-16 00:00:00 UTC,3595.96257142923
2021-09-17 00:00:00 UTC,3573.30751602499
2021-09-18 00:00:00 UTC,3412.17718242167
2021-09-19 00:00:00 UTC,3427.58426153173
